Cancer,Year,Sex,State,Incident,Incident_Crude_rate_100k,Age_standardised_rate_2001_100k,Age_standardised_rate_2024_100k,Mortality,Mortality_Crude_rate_100k,Population
Melanoma of the skin,2007,Persons,New South Wales,3546.0,51.9,48.4,57.8,477.0,7.0,5988272.0
Melanoma of the skin,2007,Persons,Victoria,2174.0,42.2,39.8,47.0,277.0,5.4,1855342.0
Melanoma of the skin,2007,Persons,Queensland,2716.0,66.1,65.1,76.3,301.0,7.3,283160.0
Melanoma of the skin,2007,Persons,Western Australia,987.0,46.9,46.6,54.9,124.0,5.9,1858153.0
Melanoma of the skin,2007,Persons,South Australia,621.0,39.5,34.7,40.3,89.0,5.7,6095083.0
Melanoma of the skin,2007,Persons,Tasmania,236.0,47.8,41.7,49.2,16.0,3.2,277634.0
Melanoma of the skin,2007,Persons,Australian Capital Territory,131.0,39.4,43.3,50.8,18.0,5.3,3713495.0
Melanoma of the skin,2007,Persons,Northern Territory,50.0,24.3,30.5,33.8,4.0,n.p.,12083355.0
Melanoma of the skin,2007,Persons,Australia,10434.0,50.1,47.7,56.3,0.0,6.3,560794.0
Melanoma of the skin,2008,Persons,New South Wales,3644.0,52.5,48.5,58.1,497.0,7.2,6109516.0
Melanoma of the skin,2008,Persons,Victoria,2229.0,42.4,39.9,47.0,276.0,5.3,1903329.0
Melanoma of the skin,2008,Persons,Queensland,2969.0,70.4,69.3,80.7,308.0,7.3,290465.0
Melanoma of the skin,2008,Persons,Western Australia,1083.0,49.9,49.7,59.2,123.0,5.7,1903479.0
Melanoma of the skin,2008,Persons,South Australia,738.0,46.5,40.1,47.5,116.0,7.3,6205551.0
Melanoma of the skin,2008,Persons,Tasmania,277.0,55.6,49.3,56.4,40.0,8.0,283162.0
Melanoma of the skin,2008,Persons,Australian Capital Territory,139.0,41.1,44.7,52.3,18.0,5.4,3806808.0
Melanoma of the skin,2008,Persons,Northern Territory,49.0,23.2,30.8,35.2,4.0,n.p.,12315067.0
Melanoma of the skin,2008,Persons,Australia,11135.0,52.4,49.6,58.6,0.0,6.5,573627.0
Melanoma of the skin,2009,Persons,New South Wales,3724.0,52.8,48.6,58.2,523.0,7.4,6212665.0
Melanoma of the skin,2009,Persons,Victoria,2380.0,44.3,41.5,49.4,313.0,5.8,1941406.0
Melanoma of the skin,2009,Persons,Queensland,3051.0,70.5,69.5,81.6,290.0,6.7,297119.0
Melanoma of the skin,2009,Persons,Western Australia,1036.0,46.2,46.0,54.9,137.0,6.1,1940919.0
Melanoma of the skin,2009,Persons,South Australia,670.0,41.6,36.3,43.0,90.0,5.6,6308088.0
Melanoma of the skin,2009,Persons,Tasmania,274.0,54.3,47.8,54.8,34.0,6.7,288523.0
Melanoma of the skin,2009,Persons,Australian Capital Territory,135.0,39.3,42.3,49.6,19.0,5.6,3882325.0
Melanoma of the skin,2009,Persons,Northern Territory,50.0,23.3,32.3,37.9,4.0,n.p.,12520753.0
Melanoma of the skin,2009,Persons,Australia,11306.0,52.1,49.3,58.5,0.0,6.5,585642.0
Melanoma of the skin,2010,Persons,New South Wales,3899.0,54.6,49.7,59.9,514.0,7.2,6286517.0
Melanoma of the skin,2010,Persons,Victoria,2275.0,41.7,38.7,46.2,294.0,5.4,1975899.0
Melanoma of the skin,2010,Persons,Queensland,3110.0,70.6,68.7,81.3,350.0,7.9,302293.0
Melanoma of the skin,2010,Persons,Western Australia,1034.0,45.1,44.6,53.6,125.0,5.5,1975646.0
Melanoma of the skin,2010,Persons,South Australia,697.0,42.8,36.7,43.2,85.0,5.2,6389085.0
Melanoma of the skin,2010,Persons,Tasmania,292.0,57.4,49.4,57.5,30.0,5.9,293053.0
Melanoma of the skin,2010,Persons,Australian Capital Territory,124.0,35.7,38.4,45.7,19.0,5.5,3951545.0
Melanoma of the skin,2010,Persons,Northern Territory,53.0,24.1,33.1,38.7,5.0,2.2,12675602.0
Melanoma of the skin,2010,Persons,Australia,11499.0,52.2,48.8,58.3,0.0,6.4,595293.0
Melanoma of the skin,2011,Persons,New South Wales,4015.0,55.6,49.8,60.3,519.0,7.2,6370711.0
Melanoma of the skin,2011,Persons,Victoria,2072.0,37.4,34.3,40.9,324.0,5.9,2017676.0
Melanoma of the skin,2011,Persons,Queensland,3303.0,73.8,71.0,83.7,343.0,7.7,307118.0
Melanoma of the skin,2011,Persons,Western Australia,1114.0,47.3,46.4,55.8,181.0,7.7,2015454.0
Melanoma of the skin,2011,Persons,South Australia,691.0,42.1,35.5,42.5,99.0,6.0,6479829.0
Melanoma of the skin,2011,Persons,Tasmania,260.0,50.8,43.4,50.8,43.0,8.4,297904.0
Melanoma of the skin,2011,Persons,Australian Capital Territory,124.0,34.9,37.5,44.7,17.0,4.9,4033130.0
Melanoma of the skin,2011,Persons,Northern Territory,55.0,24.4,34.5,40.8,5.0,2.1,12850540.0
Melanoma of the skin,2011,Persons,Australia,11637.0,52.1,48.1,57.5,0.0,6.8,605022.0
Melanoma of the skin,2012,Persons,New South Wales,4189.0,57.4,51.1,61.6,545.0,7.5,6475384.0
Melanoma of the skin,2012,Persons,Victoria,2280.0,40.3,36.8,43.9,314.0,5.6,2063303.0
Melanoma of the skin,2012,Persons,Queensland,3444.0,75.4,72.2,85.6,336.0,7.4,313716.0
Melanoma of the skin,2012,Persons,Western Australia,1145.0,47.2,46.3,55.8,151.0,6.2,2057268.0
Melanoma of the skin,2012,Persons,South Australia,695.0,42.0,35.3,42.3,101.0,6.1,6587391.0
Melanoma of the skin,2012,Persons,Tasmania,255.0,49.8,41.3,48.5,49.0,9.6,304824.0
Melanoma of the skin,2012,Persons,Australian Capital Territory,132.0,36.6,38.9,46.8,18.0,4.9,4120571.0
Melanoma of the skin,2012,Persons,Northern Territory,60.0,26.3,38.3,46.2,6.0,2.6,13062775.0
Melanoma of the skin,2012,Persons,Australia,12233.0,53.8,49.5,59.1,0.0,6.7,618540.0
Melanoma of the skin,2013,Persons,New South Wales,4307.0,58.2,51.5,62.2,553.0,7.5,6582607.0
Melanoma of the skin,2013,Persons,Victoria,2332.0,40.4,36.5,44.1,367.0,6.4,2090841.0
Melanoma of the skin,2013,Persons,Queensland,3693.0,79.4,75.5,89.3,423.0,9.1,318612.0
Melanoma of the skin,2013,Persons,Western Australia,1312.0,52.8,52.0,62.9,160.0,6.4,2089399.0
Melanoma of the skin,2013,Persons,South Australia,721.0,43.1,35.8,42.9,106.0,6.3,6704916.0
Melanoma of the skin,2013,Persons,Tasmania,275.0,53.7,44.2,51.7,33.0,6.4,310077.0
Melanoma of the skin,2013,Persons,Australian Capital Territory,135.0,36.5,38.6,46.9,17.0,4.7,4180240.0
Melanoma of the skin,2013,Persons,Northern Territory,63.0,27.1,38.3,46.6,7.0,2.9,13287523.0
Melanoma of the skin,2013,Persons,Australia,12862.0,55.6,50.8,60.9,0.0,7.2,628622.0
Melanoma of the skin,2014,Persons,New South Wales,4355.0,58.0,51.2,61.6,501.0,6.7,6695824.0
Melanoma of the skin,2014,Persons,Victoria,2466.0,41.8,37.8,45.4,278.0,4.7,2109646.0
Melanoma of the skin,2014,Persons,Queensland,3706.0,78.5,73.6,87.7,352.0,7.5,321370.0
Melanoma of the skin,2014,Persons,Western Australia,1300.0,51.6,50.0,60.3,152.0,6.0,2112080.0
Melanoma of the skin,2014,Persons,South Australia,788.0,46.7,38.7,46.4,123.0,7.3,6823859.0
Melanoma of the skin,2014,Persons,Tasmania,332.0,64.6,51.0,61.3,37.0,7.2,313855.0
Melanoma of the skin,2014,Persons,Australian Capital Territory,144.0,38.4,40.3,49.1,16.0,4.3,4221726.0
Melanoma of the skin,2014,Persons,Northern Territory,68.0,28.6,40.3,49.1,8.0,3.3,13519683.0
Melanoma of the skin,2014,Persons,Australia,13188.0,56.2,50.9,61.1,0.0,6.2,635182.0
Melanoma of the skin,2015,Persons,New South Wales,4361.0,57.3,50.0,60.7,562.0,7.4,6814665.0
Melanoma of the skin,2015,Persons,Victoria,2695.0,44.8,40.4,48.6,326.0,5.4,2122494.0
Melanoma of the skin,2015,Persons,Queensland,3753.0,78.6,72.9,86.3,318.0,6.7,325610.0
Melanoma of the skin,2015,Persons,Western Australia,1564.0,61.6,59.3,71.5,156.0,6.1,2131188.0
Melanoma of the skin,2015,Persons,South Australia,766.0,45.0,36.6,44.1,98.0,5.8,6949785.0
Melanoma of the skin,2015,Persons,Tasmania,302.0,58.6,46.6,55.2,23.0,4.5,318301.0
Melanoma of the skin,2015,Persons,Australian Capital Territory,153.0,40.1,41.7,50.8,18.0,4.6,4253682.0
Melanoma of the skin,2015,Persons,Northern Territory,75.0,31.4,43.9,53.9,8.0,3.5,13764450.0
Melanoma of the skin,2015,Persons,Australia,13718.0,57.6,51.9,62.3,0.0,6.4,643566.0
Melanoma of the skin,2016,Persons,New South Wales,4785.0,61.9,53.9,65.1,419.0,5.4,6947740.0
Melanoma of the skin,2016,Persons,Victoria,2820.0,45.7,41.1,49.2,263.0,4.3,2138217.0
Melanoma of the skin,2016,Persons,Queensland,3964.0,81.8,75.1,89.3,301.0,6.2,330523.0
Melanoma of the skin,2016,Persons,Western Australia,1536.0,60.1,57.0,68.6,127.0,5.0,2150969.0
Melanoma of the skin,2016,Persons,South Australia,804.0,46.9,38.0,45.5,95.0,5.5,7083666.0
Melanoma of the skin,2016,Persons,Tasmania,333.0,64.3,51.7,60.7,30.0,5.8,324915.0
Melanoma of the skin,2016,Persons,Australian Capital Territory,167.0,42.8,44.3,54.1,18.0,4.6,4289186.0
Melanoma of the skin,2016,Persons,Northern Territory,82.0,33.9,45.8,56.3,8.0,3.3,14031406.0
Melanoma of the skin,2016,Persons,Australia,14525.0,60.0,53.7,64.3,0.0,5.2,655321.0
Melanoma of the skin,2017,Persons,New South Wales,4932.0,62.8,54.4,65.9,505.0,6.4,7065730.0
Melanoma of the skin,2017,Persons,Victoria,2983.0,47.3,42.3,51.0,273.0,4.3,2159883.0
Melanoma of the skin,2017,Persons,Queensland,4148.0,84.2,76.6,90.5,347.0,7.0,335970.0
Melanoma of the skin,2017,Persons,Western Australia,1453.0,56.2,52.3,63.5,135.0,5.2,2175699.0
Melanoma of the skin,2017,Persons,South Australia,799.0,46.2,37.1,44.6,84.0,4.9,7193426.0
Melanoma of the skin,2017,Persons,Tasmania,339.0,64.4,49.9,59.2,30.0,5.7,332007.0
Melanoma of the skin,2017,Persons,Australian Capital Territory,184.0,46.4,47.7,58.0,18.0,4.5,4335582.0
Melanoma of the skin,2017,Persons,Northern Territory,81.0,33.1,44.8,55.2,7.0,2.9,14259156.0
Melanoma of the skin,2017,Persons,Australia,14962.0,60.8,54.0,64.8,0.0,5.7,667740.0
Melanoma of the skin,2018,Persons,New South Wales,5005.0,62.9,54.6,65.5,472.0,5.9,7183458.0
Melanoma of the skin,2018,Persons,Victoria,3078.0,47.9,42.6,51.5,292.0,4.5,2187437.0
Melanoma of the skin,2018,Persons,Queensland,4072.0,81.3,73.1,86.9,323.0,6.5,340043.0
Melanoma of the skin,2018,Persons,Western Australia,1484.0,56.7,52.2,63.1,132.0,5.0,2204682.0
Melanoma of the skin,2018,Persons,South Australia,785.0,45.0,35.2,42.8,85.0,4.9,7299801.0
Melanoma of the skin,2018,Persons,Tasmania,401.0,74.6,58.6,68.5,45.0,8.4,337933.0
Melanoma of the skin,2018,Persons,Australian Capital Territory,195.0,48.1,49.0,59.6,20.0,5.0,4392119.0
Melanoma of the skin,2018,Persons,Northern Territory,83.0,33.9,44.5,54.4,7.0,2.8,14483259.0
Melanoma of the skin,2018,Persons,Australia,15123.0,60.6,53.4,64.0,0.0,5.5,677853.0
Melanoma of the skin,2019,Persons,New South Wales,5089.0,63.2,54.2,65.4,464.0,5.8,7281738.0
Melanoma of the skin,2019,Persons,Victoria,2834.0,43.4,38.3,46.5,274.0,4.2,2223832.0
Melanoma of the skin,2019,Persons,Queensland,4446.0,87.4,77.7,92.3,311.0,6.1,343789.0
Melanoma of the skin,2019,Persons,Western Australia,1621.0,60.9,54.7,66.5,149.0,5.6,2243895.0
Melanoma of the skin,2019,Persons,South Australia,902.0,51.0,39.4,48.0,112.0,6.3,7396673.0
Melanoma of the skin,2019,Persons,Tasmania,412.0,75.2,60.2,69.2,40.0,7.3,343494.0
Melanoma of the skin,2019,Persons,Australian Capital Territory,205.0,49.5,50.2,61.1,22.0,5.3,4467727.0
Melanoma of the skin,2019,Persons,Northern Territory,88.0,35.7,46.2,56.5,7.0,2.9,14678411.0
Melanoma of the skin,2019,Persons,Australia,15626.0,61.7,53.8,64.7,0.0,5.5,686944.0
Melanoma of the skin,2020,Persons,New South Wales,4918.0,60.6,50.8,61.7,493.0,6.1,7305654.0
Melanoma of the skin,2020,Persons,Victoria,2586.0,39.1,34.1,41.2,281.0,4.2,2251469.0
Melanoma of the skin,2020,Persons,Queensland,4169.0,80.7,70.2,83.8,327.0,6.3,347019.0
Melanoma of the skin,2020,Persons,Western Australia,1417.0,52.2,46.2,56.2,123.0,4.5,2271232.0
Melanoma of the skin,2020,Persons,South Australia,891.0,49.8,38.1,46.3,107.0,6.0,7422983.0
Melanoma of the skin,2020,Persons,Tasmania,428.0,76.8,60.3,70.3,37.0,6.6,348536.0
Melanoma of the skin,2020,Persons,Australian Capital Territory,205.0,48.2,48.5,59.0,23.0,5.4,4522701.0
Melanoma of the skin,2020,Persons,Northern Territory,88.0,35.8,44.4,54.0,6.0,2.5,14728637.0
Melanoma of the skin,2020,Persons,Australia,14686.0,57.3,49.0,59.1,0.0,5.5,695469.0
Non-melanoma skin cancer (rare types),2007,Persons,New South Wales,297.0,4.3,3.9,5.1,57.0,0.8,5988272.0
Non-melanoma skin cancer (rare types),2007,Persons,Victoria,89.0,1.7,1.6,2.0,11.0,0.2,1855342.0
Non-melanoma skin cancer (rare types),2007,Persons,Queensland,158.0,3.8,3.8,5.0,31.0,0.8,283160.0
Non-melanoma skin cancer (rare types),2007,Persons,Western Australia,73.0,3.5,3.5,4.6,19.0,0.9,1858153.0
Non-melanoma skin cancer (rare types),2007,Persons,South Australia,21.0,1.3,1.0,1.4,9.0,0.6,6095083.0
Non-melanoma skin cancer (rare types),2007,Persons,Tasmania,18.0,3.6,3.0,3.9,6.0,1.2,277634.0
Non-melanoma skin cancer (rare types),2007,Persons,Australian Capital Territory,7.0,2.2,2.7,3.5,1.0,n.p.,3713495.0
Non-melanoma skin cancer (rare types),2007,Persons,Northern Territory,0.0,n.p.,n.p.,n.p.,0.0,n.p.,12083355.0
Non-melanoma skin cancer (rare types),2007,Persons,Australia,658.0,3.2,2.9,3.8,134.0,0.6,560794.0
Non-melanoma skin cancer (rare types),2008,Persons,New South Wales,293.0,4.2,3.7,5.0,52.0,0.7,6109516.0
Non-melanoma skin cancer (rare types),2008,Persons,Victoria,70.0,1.3,1.2,1.6,12.0,0.2,1903329.0
Non-melanoma skin cancer (rare types),2008,Persons,Queensland,157.0,3.7,3.7,4.9,36.0,0.9,290465.0
Non-melanoma skin cancer (rare types),2008,Persons,Western Australia,81.0,3.7,3.8,5.0,8.0,0.4,1903479.0
Non-melanoma skin cancer (rare types),2008,Persons,South Australia,17.0,1.1,0.8,1.1,8.0,0.5,6205551.0
Non-melanoma skin cancer (rare types),2008,Persons,Tasmania,15.0,3.0,2.4,3.3,2.0,n.p.,283162.0
Non-melanoma skin cancer (rare types),2008,Persons,Australian Capital Territory,6.0,1.7,2.1,2.8,2.0,n.p.,3806808.0
Non-melanoma skin cancer (rare types),2008,Persons,Northern Territory,1.0,n.p.,n.p.,n.p.,0.0,n.p.,12315067.0
Non-melanoma skin cancer (rare types),2008,Persons,Australia,643.0,3.0,2.8,3.7,123.0,0.6,573627.0
Non-melanoma skin cancer (rare types),2009,Persons,New South Wales,301.0,4.3,3.8,5.0,57.0,0.8,6212665.0
Non-melanoma skin cancer (rare types),2009,Persons,Victoria,79.0,1.5,1.3,1.7,23.0,0.4,1941406.0
Non-melanoma skin cancer (rare types),2009,Persons,Queensland,190.0,4.4,4.4,5.8,29.0,0.7,297119.0
Non-melanoma skin cancer (rare types),2009,Persons,Western Australia,77.0,3.4,3.5,4.6,11.0,0.5,1940919.0
Non-melanoma skin cancer (rare types),2009,Persons,South Australia,25.0,1.6,1.3,1.7,12.0,0.7,6308088.0
Non-melanoma skin cancer (rare types),2009,Persons,Tasmania,14.0,2.8,2.2,2.9,3.0,n.p.,288523.0
Non-melanoma skin cancer (rare types),2009,Persons,Australian Capital Territory,5.0,1.6,1.9,2.6,2.0,n.p.,3882325.0
Non-melanoma skin cancer (rare types),2009,Persons,Northern Territory,1.0,n.p.,n.p.,n.p.,0.0,n.p.,12520753.0
Non-melanoma skin cancer (rare types),2009,Persons,Australia,693.0,3.2,2.9,3.9,136.0,0.6,585642.0
Non-melanoma skin cancer (rare types),2010,Persons,New South Wales,294.0,4.1,3.6,4.7,52.0,0.7,6286517.0
Non-melanoma skin cancer (rare types),2010,Persons,Victoria,82.0,1.5,1.3,1.8,21.0,0.4,1975899.0
Non-melanoma skin cancer (rare types),2010,Persons,Queensland,182.0,4.1,4.0,5.4,40.0,0.9,302293.0
Non-melanoma skin cancer (rare types),2010,Persons,Western Australia,80.0,3.5,3.6,4.8,10.0,0.4,1975646.0
Non-melanoma skin cancer (rare types),2010,Persons,South Australia,29.0,1.8,1.4,1.9,6.0,0.4,6389085.0
Non-melanoma skin cancer (rare types),2010,Persons,Tasmania,22.0,4.3,3.6,4.6,3.0,n.p.,293053.0
Non-melanoma skin cancer (rare types),2010,Persons,Australian Capital Territory,6.0,1.7,2.1,2.9,2.0,n.p.,3951545.0
Non-melanoma skin cancer (rare types),2010,Persons,Northern Territory,1.0,n.p.,n.p.,n.p.,0.0,n.p.,12675602.0
Non-melanoma skin cancer (rare types),2010,Persons,Australia,699.0,3.2,2.9,3.8,136.0,0.6,595293.0
Non-melanoma skin cancer (rare types),2011,Persons,New South Wales,294.0,4.1,3.4,4.6,59.0,0.8,6370711.0
Non-melanoma skin cancer (rare types),2011,Persons,Victoria,61.0,1.1,0.9,1.3,30.0,0.5,2017676.0
Non-melanoma skin cancer (rare types),2011,Persons,Queensland,182.0,4.1,3.9,5.2,34.0,0.8,307118.0
Non-melanoma skin cancer (rare types),2011,Persons,Western Australia,97.0,4.1,4.2,5.6,6.0,0.3,2015454.0
Non-melanoma skin cancer (rare types),2011,Persons,South Australia,36.0,2.2,1.7,2.3,7.0,0.4,6479829.0
Non-melanoma skin cancer (rare types),2011,Persons,Tasmania,12.0,2.3,1.9,2.5,3.0,n.p.,297904.0
Non-melanoma skin cancer (rare types),2011,Persons,Australian Capital Territory,6.0,1.6,1.9,2.6,2.0,n.p.,4033130.0
Non-melanoma skin cancer (rare types),2011,Persons,Northern Territory,2.0,n.p.,n.p.,n.p.,1.0,n.p.,12850540.0
Non-melanoma skin cancer (rare types),2011,Persons,Australia,690.0,3.1,2.8,3.7,141.0,0.6,605022.0
Non-melanoma skin cancer (rare types),2012,Persons,New South Wales,316.0,4.3,3.6,4.9,69.0,0.9,6475384.0
Non-melanoma skin cancer (rare types),2012,Persons,Victoria,64.0,1.1,1.0,1.3,17.0,0.3,2063303.0
Non-melanoma skin cancer (rare types),2012,Persons,Queensland,202.0,4.4,4.2,5.6,37.0,0.8,313716.0
Non-melanoma skin cancer (rare types),2012,Persons,Western Australia,118.0,4.9,4.9,6.4,22.0,0.9,2057268.0
Non-melanoma skin cancer (rare types),2012,Persons,South Australia,37.0,2.2,1.6,2.2,6.0,0.4,6587391.0
Non-melanoma skin cancer (rare types),2012,Persons,Tasmania,19.0,3.7,2.8,3.7,2.0,n.p.,304824.0
Non-melanoma skin cancer (rare types),2012,Persons,Australian Capital Territory,7.0,1.8,2.1,2.8,2.0,n.p.,4120571.0
Non-melanoma skin cancer (rare types),2012,Persons,Northern Territory,2.0,n.p.,n.p.,n.p.,1.0,n.p.,13062775.0
Non-melanoma skin cancer (rare types),2012,Persons,Australia,764.0,3.4,3.0,4.0,154.0,0.7,618540.0
Non-melanoma skin cancer (rare types),2013,Persons,New South Wales,356.0,4.8,4.0,5.3,69.0,0.9,6582607.0
Non-melanoma skin cancer (rare types),2013,Persons,Victoria,86.0,1.5,1.3,1.7,25.0,0.4,2090841.0
Non-melanoma skin cancer (rare types),2013,Persons,Queensland,220.0,4.7,4.5,5.9,58.0,1.2,318612.0
Non-melanoma skin cancer (rare types),2013,Persons,Western Australia,131.0,5.3,5.2,7.1,21.0,0.8,2089399.0
Non-melanoma skin cancer (rare types),2013,Persons,South Australia,32.0,1.9,1.5,1.9,9.0,0.5,6704916.0
Non-melanoma skin cancer (rare types),2013,Persons,Tasmania,17.0,3.3,2.5,3.2,4.0,n.p.,310077.0
Non-melanoma skin cancer (rare types),2013,Persons,Australian Capital Territory,7.0,1.8,2.0,2.7,2.0,n.p.,4180240.0
Non-melanoma skin cancer (rare types),2013,Persons,Northern Territory,2.0,n.p.,n.p.,n.p.,1.0,n.p.,13287523.0
Non-melanoma skin cancer (rare types),2013,Persons,Australia,850.0,3.7,3.2,4.3,190.0,0.8,628622.0
Non-melanoma skin cancer (rare types),2014,Persons,New South Wales,342.0,4.6,3.8,5.0,68.0,0.9,6695824.0
Non-melanoma skin cancer (rare types),2014,Persons,Victoria,121.0,2.1,1.7,2.3,27.0,0.5,2109646.0
Non-melanoma skin cancer (rare types),2014,Persons,Queensland,205.0,4.3,4.0,5.3,53.0,1.1,321370.0
Non-melanoma skin cancer (rare types),2014,Persons,Western Australia,120.0,4.8,4.7,6.1,20.0,0.8,2112080.0
Non-melanoma skin cancer (rare types),2014,Persons,South Australia,43.0,2.5,1.9,2.5,8.0,0.5,6823859.0
Non-melanoma skin cancer (rare types),2014,Persons,Tasmania,16.0,3.1,2.5,3.1,3.0,n.p.,313855.0
Non-melanoma skin cancer (rare types),2014,Persons,Australian Capital Territory,7.0,1.8,1.9,2.6,2.0,n.p.,4221726.0
Non-melanoma skin cancer (rare types),2014,Persons,Northern Territory,2.0,n.p.,n.p.,n.p.,1.0,n.p.,13519683.0
Non-melanoma skin cancer (rare types),2014,Persons,Australia,856.0,3.6,3.2,4.2,182.0,0.8,635182.0
Non-melanoma skin cancer (rare types),2015,Persons,New South Wales,387.0,5.1,4.1,5.6,60.0,0.8,6814665.0
Non-melanoma skin cancer (rare types),2015,Persons,Victoria,118.0,2.0,1.6,2.2,40.0,0.7,2122494.0
Non-melanoma skin cancer (rare types),2015,Persons,Queensland,220.0,4.6,4.2,5.5,31.0,0.6,325610.0
Non-melanoma skin cancer (rare types),2015,Persons,Western Australia,125.0,4.9,4.8,6.4,16.0,0.6,2131188.0
Non-melanoma skin cancer (rare types),2015,Persons,South Australia,45.0,2.6,1.9,2.5,8.0,0.5,6949785.0
Non-melanoma skin cancer (rare types),2015,Persons,Tasmania,24.0,4.7,3.4,4.5,4.0,n.p.,318301.0
Non-melanoma skin cancer (rare types),2015,Persons,Australian Capital Territory,7.0,1.7,1.9,2.5,1.0,n.p.,4253682.0
Non-melanoma skin cancer (rare types),2015,Persons,Northern Territory,2.0,n.p.,n.p.,n.p.,1.0,n.p.,13764450.0
Non-melanoma skin cancer (rare types),2015,Persons,Australia,930.0,3.9,3.3,4.5,161.0,0.7,643566.0
Non-melanoma skin cancer (rare types),2016,Persons,New South Wales,404.0,5.2,4.2,5.7,64.0,0.8,6947740.0
Non-melanoma skin cancer (rare types),2016,Persons,Victoria,141.0,2.3,1.9,2.5,30.0,0.5,2138217.0
Non-melanoma skin cancer (rare types),2016,Persons,Queensland,233.0,4.8,4.3,5.7,43.0,0.9,330523.0
Non-melanoma skin cancer (rare types),2016,Persons,Western Australia,126.0,4.9,4.6,6.2,19.0,0.7,2150969.0
Non-melanoma skin cancer (rare types),2016,Persons,South Australia,51.0,3.0,2.0,2.8,10.0,0.6,7083666.0
Non-melanoma skin cancer (rare types),2016,Persons,Tasmania,14.0,2.7,2.0,2.6,1.0,n.p.,324915.0
Non-melanoma skin cancer (rare types),2016,Persons,Australian Capital Territory,7.0,1.8,2.0,2.6,2.0,n.p.,4289186.0
Non-melanoma skin cancer (rare types),2016,Persons,Northern Territory,3.0,n.p.,n.p.,n.p.,1.0,n.p.,14031406.0
Non-melanoma skin cancer (rare types),2016,Persons,Australia,982.0,4.1,3.4,4.6,169.0,0.7,655321.0
Non-melanoma skin cancer (rare types),2017,Persons,New South Wales,433.0,5.5,4.4,5.9,73.0,0.9,7065730.0
Non-melanoma skin cancer (rare types),2017,Persons,Victoria,227.0,3.6,3.0,4.1,30.0,0.5,2159883.0
Non-melanoma skin cancer (rare types),2017,Persons,Queensland,269.0,5.5,4.7,6.3,44.0,0.9,335970.0
Non-melanoma skin cancer (rare types),2017,Persons,Western Australia,122.0,4.7,4.3,5.8,11.0,0.4,2175699.0
Non-melanoma skin cancer (rare types),2017,Persons,South Australia,49.0,2.8,2.0,2.7,12.0,0.7,7193426.0
Non-melanoma skin cancer (rare types),2017,Persons,Tasmania,21.0,4.0,3.1,3.8,4.0,n.p.,332007.0
Non-melanoma skin cancer (rare types),2017,Persons,Australian Capital Territory,7.0,1.8,1.9,2.5,2.0,n.p.,4335582.0
Non-melanoma skin cancer (rare types),2017,Persons,Northern Territory,3.0,n.p.,n.p.,n.p.,1.0,n.p.,14259156.0
Non-melanoma skin cancer (rare types),2017,Persons,Australia,1131.0,4.6,3.8,5.1,177.0,0.7,667740.0
Non-melanoma skin cancer (rare types),2018,Persons,New South Wales,447.0,5.6,4.4,5.9,65.0,0.8,7183458.0
Non-melanoma skin cancer (rare types),2018,Persons,Victoria,145.0,2.3,1.8,2.5,40.0,0.6,2187437.0
Non-melanoma skin cancer (rare types),2018,Persons,Queensland,222.0,4.4,3.8,5.1,37.0,0.7,340043.0
Non-melanoma skin cancer (rare types),2018,Persons,Western Australia,103.0,3.9,3.6,4.7,14.0,0.5,2204682.0
Non-melanoma skin cancer (rare types),2018,Persons,South Australia,47.0,2.7,1.9,2.6,10.0,0.6,7299801.0
Non-melanoma skin cancer (rare types),2018,Persons,Tasmania,24.0,4.5,3.0,4.1,3.0,n.p.,337933.0
Non-melanoma skin cancer (rare types),2018,Persons,Australian Capital Territory,7.0,1.7,1.7,2.3,2.0,n.p.,4392119.0
Non-melanoma skin cancer (rare types),2018,Persons,Northern Territory,3.0,n.p.,n.p.,n.p.,1.0,n.p.,14483259.0
Non-melanoma skin cancer (rare types),2018,Persons,Australia,997.0,4.0,3.3,4.4,172.0,0.7,677853.0
Non-melanoma skin cancer (rare types),2019,Persons,New South Wales,483.0,6.0,4.7,6.4,77.0,1.0,7281738.0
Non-melanoma skin cancer (rare types),2019,Persons,Victoria,244.0,3.7,3.0,4.1,32.0,0.5,2223832.0
Non-melanoma skin cancer (rare types),2019,Persons,Queensland,319.0,6.3,5.3,7.1,48.0,0.9,343789.0
Non-melanoma skin cancer (rare types),2019,Persons,Western Australia,126.0,4.7,4.1,5.5,13.0,0.5,2243895.0
Non-melanoma skin cancer (rare types),2019,Persons,South Australia,45.0,2.5,1.7,2.3,6.0,0.3,7396673.0
Non-melanoma skin cancer (rare types),2019,Persons,Tasmania,23.0,4.2,2.7,3.9,3.0,n.p.,343494.0
Non-melanoma skin cancer (rare types),2019,Persons,Australian Capital Territory,8.0,1.9,1.9,2.5,2.0,n.p.,4467727.0
Non-melanoma skin cancer (rare types),2019,Persons,Northern Territory,3.0,n.p.,n.p.,n.p.,1.0,n.p.,14678411.0
Non-melanoma skin cancer (rare types),2019,Persons,Australia,1251.0,4.9,4.0,5.4,183.0,0.7,686944.0
Non-melanoma skin cancer (rare types),2020,Persons,New South Wales,575.0,7.1,5.4,7.3,75.0,0.9,7305654.0
Non-melanoma skin cancer (rare types),2020,Persons,Victoria,236.0,3.6,2.8,3.8,53.0,0.8,2251469.0
Non-melanoma skin cancer (rare types),2020,Persons,Queensland,318.0,6.2,5.0,6.8,48.0,0.9,347019.0
Non-melanoma skin cancer (rare types),2020,Persons,Western Australia,116.0,4.3,3.6,4.9,15.0,0.6,2271232.0
Non-melanoma skin cancer (rare types),2020,Persons,South Australia,68.0,3.8,2.4,3.4,13.0,0.7,7422983.0
Non-melanoma skin cancer (rare types),2020,Persons,Tasmania,20.0,3.6,2.3,3.2,11.0,2.0,348536.0
Non-melanoma skin cancer (rare types),2020,Persons,Australian Capital Territory,7.0,1.7,1.7,2.2,2.0,n.p.,4522701.0
Non-melanoma skin cancer (rare types),2020,Persons,Northern Territory,2.0,n.p.,n.p.,n.p.,1.0,n.p.,14728637.0
Non-melanoma skin cancer (rare types),2020,Persons,Australia,1339.0,5.2,4.1,5.6,217.0,0.8,695469.0
Melanoma of the skin,2016,Female,New South Wales,1927.0,49.4,42.4,49.7,131.0,3.4,3082379.0
Melanoma of the skin,2016,Female,Victoria,1251.0,40.1,35.3,41.2,85.0,2.7,1288303.0
Melanoma of the skin,2016,Female,Queensland,1633.0,66.9,60.6,69.9,88.0,3.6,202502.0
Melanoma of the skin,2016,Female,Western Australia,624.0,49.0,45.4,53.5,36.0,2.8,1281303.0
Melanoma of the skin,2016,Female,South Australia,341.0,39.4,31.5,36.8,39.0,4.5,3153402.0
Melanoma of the skin,2016,Female,Tasmania,148.0,56.6,45.5,52.0,7.0,2.7,206376.0
Melanoma of the skin,2016,Female,Australian Capital Territory,75.0,38.2,37.7,44.6,7.0,3.4,2569606.0
Melanoma of the skin,2016,Female,Northern Territory,28.0,24.6,31.9,38.3,2.0,n.p.,6235781.0
Melanoma of the skin,2016,Female,Australia,6034.0,49.5,43.5,50.7,396.0,3.2,408878.0
Melanoma of the skin,2016,Persons,New South Wales,4785.0,61.9,53.9,65.1,419.0,5.4,0.0
Melanoma of the skin,2016,Persons,Victoria,2820.0,45.7,41.1,49.2,263.0,4.3,0.0
Melanoma of the skin,2016,Persons,Queensland,3964.0,81.8,75.1,89.3,301.0,6.2,0.0
Melanoma of the skin,2016,Persons,Western Australia,1536.0,60.1,57.0,68.6,127.0,5.0,0.0
Melanoma of the skin,2016,Persons,South Australia,804.0,46.9,38.0,45.5,95.0,5.5,0.0
Melanoma of the skin,2016,Persons,Tasmania,333.0,64.3,51.7,60.7,30.0,5.8,0.0
Melanoma of the skin,2016,Persons,Australian Capital Territory,167.0,42.8,44.3,54.1,18.0,4.6,0.0
Melanoma of the skin,2016,Persons,Northern Territory,82.0,33.9,45.8,56.3,8.0,3.3,0.0
Melanoma of the skin,2016,Persons,Australia,14525.0,60.0,53.7,64.3,0.0,5.2,0.0
Melanoma of the skin,2017,Male,New South Wales,2975.0,76.3,68.3,84.7,319.0,8.2,3921301.0
Melanoma of the skin,2017,Male,Victoria,1673.0,53.7,49.9,61.6,162.0,5.2,857807.0
Melanoma of the skin,2017,Male,Queensland,2477.0,101.4,94.1,113.7,241.0,9.9,128104.0
Melanoma of the skin,2017,Male,Western Australia,867.0,66.9,65.0,80.7,89.0,6.9,877847.0
Melanoma of the skin,2017,Male,South Australia,467.0,54.7,45.4,55.3,59.0,6.9,3979645.0
Melanoma of the skin,2017,Male,Tasmania,181.0,69.4,54.3,66.8,23.0,8.8,119647.0
Melanoma of the skin,2017,Male,Australian Capital Territory,107.0,54.4,59.6,74.3,10.0,5.2,1735654.0
Melanoma of the skin,2017,Male,Northern Territory,52.0,40.9,55.7,69.1,5.0,3.9,7900946.0
Melanoma of the skin,2017,Male,Australia,8833.0,72.4,66.2,81.4,908.0,7.4,247514.0
Melanoma of the skin,2017,Female,New South Wales,1957.0,49.4,42.3,49.6,186.0,4.7,3144429.0
Melanoma of the skin,2017,Female,Victoria,1310.0,41.1,35.9,42.2,111.0,3.5,1302076.0
Melanoma of the skin,2017,Female,Queensland,1671.0,67.3,61.0,70.1,106.0,4.3,207866.0
Melanoma of the skin,2017,Female,Western Australia,586.0,45.4,41.1,48.4,46.0,3.6,1297852.0
Melanoma of the skin,2017,Female,South Australia,332.0,38.0,30.0,35.4,25.0,2.9,3213781.0
Melanoma of the skin,2017,Female,Tasmania,158.0,59.4,46.4,53.1,7.0,2.6,212360.0
Melanoma of the skin,2017,Female,Australian Capital Territory,77.0,38.5,37.8,44.7,8.0,3.9,2599928.0
Melanoma of the skin,2017,Female,Northern Territory,29.0,24.6,32.3,38.9,2.0,n.p.,6358210.0
Melanoma of the skin,2017,Female,Australia,6129.0,49.5,43.3,50.4,495.0,4.0,420226.0
Melanoma of the skin,2017,Persons,New South Wales,4932.0,62.8,54.4,65.9,505.0,6.4,0.0
Melanoma of the skin,2017,Persons,Victoria,2983.0,47.3,42.3,51.0,273.0,4.3,0.0
Melanoma of the skin,2017,Persons,Queensland,4148.0,84.2,76.6,90.5,347.0,7.0,0.0
Melanoma of the skin,2017,Persons,Western Australia,1453.0,56.2,52.3,63.5,135.0,5.2,0.0
Melanoma of the skin,2017,Persons,South Australia,799.0,46.2,37.1,44.6,84.0,4.9,0.0
Melanoma of the skin,2017,Persons,Tasmania,339.0,64.4,49.9,59.2,30.0,5.7,0.0
Melanoma of the skin,2017,Persons,Australian Capital Territory,184.0,46.4,47.7,58.0,18.0,4.5,0.0
Melanoma of the skin,2017,Persons,Northern Territory,81.0,33.1,44.8,55.2,7.0,2.9,0.0
Melanoma of the skin,2017,Persons,Australia,14962.0,60.8,54.0,64.8,0.0,5.7,0.0
Melanoma of the skin,2018,Male,New South Wales,2984.0,75.5,67.4,82.9,333.0,8.4,3976266.0
Melanoma of the skin,2018,Male,Victoria,1766.0,55.6,51.5,63.5,195.0,6.1,867603.0
Melanoma of the skin,2018,Male,Queensland,2341.0,94.4,86.5,105.5,235.0,9.5,127221.0
Melanoma of the skin,2018,Male,Western Australia,857.0,65.4,62.3,76.8,80.0,6.1,888112.0
Melanoma of the skin,2018,Male,South Australia,476.0,55.2,44.4,55.5,62.0,7.2,4027298.0
Melanoma of the skin,2018,Male,Tasmania,205.0,77.0,59.9,71.6,33.0,12.4,119997.0
Melanoma of the skin,2018,Male,Australian Capital Territory,114.0,56.7,61.9,77.2,12.0,6.1,1755715.0
Melanoma of the skin,2018,Male,Northern Territory,53.0,41.4,56.7,70.9,5.0,4.1,8003564.0
Melanoma of the skin,2018,Male,Australia,8807.0,71.1,64.5,79.3,966.0,7.8,247095.0
Melanoma of the skin,2018,Female,New South Wales,2021.0,50.5,43.3,50.4,139.0,3.5,3207192.0
Melanoma of the skin,2018,Female,Victoria,1311.0,40.4,35.1,41.5,97.0,3.0,1319834.0
Melanoma of the skin,2018,Female,Queensland,1731.0,68.5,61.2,70.6,88.0,3.5,212822.0
Melanoma of the skin,2018,Female,Western Australia,627.0,48.0,43.1,51.0,52.0,4.0,1316570.0
Melanoma of the skin,2018,Female,South Australia,309.0,35.0,27.5,32.2,23.0,2.6,3272503.0
Melanoma of the skin,2018,Female,Tasmania,196.0,72.3,57.6,66.0,12.0,4.4,217936.0
Melanoma of the skin,2018,Female,Australian Capital Territory,81.0,39.7,38.5,45.3,8.0,3.9,2636404.0
Melanoma of the skin,2018,Female,Northern Territory,30.0,25.8,31.9,37.6,2.0,n.p.,6479695.0
Melanoma of the skin,2018,Female,Australia,6315.0,50.2,43.7,50.9,417.0,3.3,430758.0
Melanoma of the skin,2018,Persons,New South Wales,5005.0,62.9,54.6,65.5,472.0,5.9,0.0
Melanoma of the skin,2018,Persons,Victoria,3078.0,47.9,42.6,51.5,292.0,4.5,0.0
Melanoma of the skin,2018,Persons,Queensland,4072.0,81.3,73.1,86.9,323.0,6.5,0.0
Melanoma of the skin,2018,Persons,Western Australia,1484.0,56.7,52.2,63.1,132.0,5.0,0.0
Melanoma of the skin,2018,Persons,South Australia,785.0,45.0,35.2,42.8,85.0,4.9,0.0
Melanoma of the skin,2018,Persons,Tasmania,401.0,74.6,58.6,68.5,45.0,8.4,0.0
Melanoma of the skin,2018,Persons,Australian Capital Territory,195.0,48.1,49.0,59.6,20.0,5.0,0.0
Melanoma of the skin,2018,Persons,Northern Territory,83.0,33.9,44.5,54.4,7.0,2.8,0.0
Melanoma of the skin,2018,Persons,Australia,15123.0,60.6,53.4,64.0,0.0,5.5,0.0
Melanoma of the skin,2019,Male,New South Wales,3012.0,75.3,66.5,82.0,307.0,7.7,4019498.0
Melanoma of the skin,2019,Male,Victoria,1632.0,50.4,46.3,57.6,189.0,5.8,878768.0
Melanoma of the skin,2019,Male,Queensland,2601.0,103.2,93.1,113.2,212.0,8.4,126289.0
Melanoma of the skin,2019,Male,Western Australia,945.0,71.0,66.0,81.7,104.0,7.8,900160.0
Melanoma of the skin,2019,Male,South Australia,545.0,62.4,49.9,61.8,79.0,9.0,4068863.0
Melanoma of the skin,2019,Male,Tasmania,224.0,82.6,65.9,78.2,26.0,9.6,120727.0
Melanoma of the skin,2019,Male,Australian Capital Territory,120.0,58.3,63.0,78.2,14.0,6.9,1778928.0
Melanoma of the skin,2019,Male,Northern Territory,55.0,43.3,59.3,74.3,6.0,4.6,8088361.0
Melanoma of the skin,2019,Male,Australia,9135.0,72.6,65.2,80.2,942.0,7.5,246677.0
Melanoma of the skin,2019,Female,New South Wales,2077.0,51.3,43.3,51.0,157.0,3.9,3262240.0
Melanoma of the skin,2019,Female,Victoria,1202.0,36.4,31.5,37.3,85.0,2.6,1345064.0
Melanoma of the skin,2019,Female,Queensland,1845.0,71.9,63.8,73.6,99.0,3.9,217500.0
Melanoma of the skin,2019,Female,Western Australia,676.0,50.9,44.5,52.9,45.0,3.4,1343735.0
Melanoma of the skin,2019,Female,South Australia,357.0,39.9,30.1,35.9,33.0,3.7,3327810.0
Melanoma of the skin,2019,Female,Tasmania,188.0,68.0,55.3,61.5,14.0,5.1,222767.0
Melanoma of the skin,2019,Female,Australian Capital Territory,86.0,40.8,39.5,46.8,8.0,3.7,2688799.0
Melanoma of the skin,2019,Female,Northern Territory,33.0,27.6,33.1,39.1,1.0,n.p.,6590050.0
Melanoma of the skin,2019,Female,Australia,6491.0,50.9,43.8,51.2,441.0,3.5,440267.0
Melanoma of the skin,2019,Persons,New South Wales,5089.0,63.2,54.2,65.4,464.0,5.8,0.0
Melanoma of the skin,2019,Persons,Victoria,2834.0,43.4,38.3,46.5,274.0,4.2,0.0
Melanoma of the skin,2019,Persons,Queensland,4446.0,87.4,77.7,92.3,311.0,6.1,0.0
Melanoma of the skin,2019,Persons,Western Australia,1621.0,60.9,54.7,66.5,149.0,5.6,0.0
Melanoma of the skin,2019,Persons,South Australia,902.0,51.0,39.4,48.0,112.0,6.3,0.0
Melanoma of the skin,2019,Persons,Tasmania,412.0,75.2,60.2,69.2,40.0,7.3,0.0
Melanoma of the skin,2019,Persons,Australian Capital Territory,205.0,49.5,50.2,61.1,22.0,5.3,0.0
Melanoma of the skin,2019,Persons,Northern Territory,88.0,35.7,46.2,56.5,7.0,2.9,0.0
Melanoma of the skin,2019,Persons,Australia,15626.0,61.7,53.8,64.7,0.0,5.5,0.0
Melanoma of the skin,2020,Male,New South Wales,2894.0,71.8,61.9,77.1,347.0,8.6,4031001.0
Melanoma of the skin,2020,Male,Victoria,1493.0,45.6,41.2,51.4,183.0,5.6,886475.0
Melanoma of the skin,2020,Male,Queensland,2408.0,94.1,83.1,102.3,222.0,8.7,126133.0
Melanoma of the skin,2020,Male,Western Australia,817.0,60.2,55.2,68.8,85.0,6.3,908039.0
Melanoma of the skin,2020,Male,South Australia,544.0,61.5,48.5,60.5,68.0,7.7,4081000.0
Melanoma of the skin,2020,Male,Tasmania,221.0,80.1,62.8,75.5,28.0,10.1,121772.0
Melanoma of the skin,2020,Male,Australian Capital Territory,120.0,57.2,61.2,76.4,15.0,7.1,1794514.0
Melanoma of the skin,2020,Male,Northern Territory,55.0,43.4,57.2,71.9,5.0,3.6,8112001.0
Melanoma of the skin,2020,Male,Australia,8546.0,67.1,59.0,73.2,954.0,7.5,247819.0
Melanoma of the skin,2020,Female,New South Wales,2024.0,49.6,41.1,48.5,146.0,3.6,3274653.0
Melanoma of the skin,2020,Female,Victoria,1093.0,32.7,28.0,32.7,98.0,2.9,1364994.0
Melanoma of the skin,2020,Female,Queensland,1761.0,67.5,58.9,67.8,105.0,4.0,220886.0
Melanoma of the skin,2020,Female,Western Australia,597.0,44.0,38.4,45.2,38.0,2.8,1363193.0
Melanoma of the skin,2020,Female,South Australia,347.0,38.3,29.3,34.4,39.0,4.3,3341983.0
Melanoma of the skin,2020,Female,Tasmania,205.0,72.8,58.1,65.7,9.0,3.2,226764.0
Melanoma of the skin,2020,Female,Australian Capital Territory,85.0,39.4,37.9,44.6,8.0,3.7,2728187.0
Melanoma of the skin,2020,Female,Northern Territory,33.0,27.7,31.7,36.5,2.0,n.p.,6616636.0
Melanoma of the skin,2020,Female,Australia,6135.0,47.5,40.3,47.0,445.0,3.4,447650.0
Melanoma of the skin,2020,Persons,New South Wales,4918.0,60.6,50.8,61.7,493.0,6.1,0.0
Melanoma of the skin,2020,Persons,Victoria,2586.0,39.1,34.1,41.2,281.0,4.2,0.0
Melanoma of the skin,2020,Persons,Queensland,4169.0,80.7,70.2,83.8,327.0,6.3,0.0
Melanoma of the skin,2020,Persons,Western Australia,1417.0,52.2,46.2,56.2,123.0,4.5,0.0
Melanoma of the skin,2020,Persons,South Australia,891.0,49.8,38.1,46.3,107.0,6.0,0.0
Melanoma of the skin,2020,Persons,Tasmania,428.0,76.8,60.3,70.3,37.0,6.6,0.0
Melanoma of the skin,2020,Persons,Australian Capital Territory,205.0,48.2,48.5,59.0,23.0,5.4,0.0
Melanoma of the skin,2020,Persons,Northern Territory,88.0,35.8,44.4,54.0,6.0,2.5,0.0
Melanoma of the skin,2020,Persons,Australia,14686.0,57.3,49.0,59.1,0.0,5.5,0.0
Non-melanoma skin cancer (rare types),2007,Male,New South Wales,178.0,5.3,5.4,7.2,35.0,1.0,3413653.0
Non-melanoma skin cancer (rare types),2007,Male,Victoria,53.0,2.1,2.1,2.7,6.0,0.2,779355.0
Non-melanoma skin cancer (rare types),2007,Male,Queensland,109.0,5.3,5.9,7.7,23.0,1.1,112777.0
Non-melanoma skin cancer (rare types),2007,Male,Western Australia,48.0,4.5,5.2,7.0,12.0,1.1,799134.0
Non-melanoma skin cancer (rare types),2007,Male,South Australia,14.0,1.8,1.6,2.2,4.0,n.p.,3470199.0
Non-melanoma skin cancer (rare types),2007,Male,Tasmania,12.0,4.9,4.4,5.5,1.0,n.p.,103841.0
Non-melanoma skin cancer (rare types),2007,Male,Australian Capital Territory,5.0,2.9,4.3,5.8,1.0,n.p.,1578489.0
Non-melanoma skin cancer (rare types),2007,Male,Northern Territory,0.0,n.p.,n.p.,n.p.,0.0,n.p.,6883852.0
Non-melanoma skin cancer (rare types),2007,Male,Australia,416.0,4.0,4.2,5.6,82.0,0.8,216618.0
Non-melanoma skin cancer (rare types),2007,Female,New South Wales,119.0,3.5,2.7,3.6,22.0,0.6,2574619.0
Non-melanoma skin cancer (rare types),2007,Female,Victoria,36.0,1.4,1.1,1.5,5.0,0.2,1075987.0
Non-melanoma skin cancer (rare types),2007,Female,Queensland,49.0,2.4,2.1,2.8,8.0,0.4,170383.0
Non-melanoma skin cancer (rare types),2007,Female,Western Australia,25.0,2.4,2.2,2.9,7.0,0.7,1059019.0
Non-melanoma skin cancer (rare types),2007,Female,South Australia,7.0,0.9,0.5,0.8,5.0,0.6,2624884.0
Non-melanoma skin cancer (rare types),2007,Female,Tasmania,6.0,2.4,1.7,2.4,5.0,2.0,173793.0
Non-melanoma skin cancer (rare types),2007,Female,Australian Capital Territory,2.0,n.p.,n.p.,n.p.,0.0,n.p.,2135006.0
Non-melanoma skin cancer (rare types),2007,Female,Northern Territory,0.0,0.0,0.0,0.0,0.0,0.0,5199503.0
Non-melanoma skin cancer (rare types),2007,Female,Australia,242.0,2.3,1.9,2.5,52.0,0.5,344176.0
Non-melanoma skin cancer (rare types),2007,Persons,New South Wales,297.0,4.3,3.9,5.1,57.0,0.8,0.0
Non-melanoma skin cancer (rare types),2007,Persons,Victoria,89.0,1.7,1.6,2.0,11.0,0.2,0.0
Non-melanoma skin cancer (rare types),2007,Persons,Queensland,158.0,3.8,3.8,5.0,31.0,0.8,0.0
Non-melanoma skin cancer (rare types),2007,Persons,Western Australia,73.0,3.5,3.5,4.6,19.0,0.9,0.0
Non-melanoma skin cancer (rare types),2007,Persons,South Australia,21.0,1.3,1.0,1.4,9.0,0.6,0.0
Non-melanoma skin cancer (rare types),2007,Persons,Tasmania,18.0,3.6,3.0,3.9,6.0,1.2,0.0
Non-melanoma skin cancer (rare types),2007,Persons,Australian Capital Territory,7.0,2.2,2.7,3.5,1.0,n.p.,0.0
Non-melanoma skin cancer (rare types),2007,Persons,Northern Territory,0.0,n.p.,n.p.,n.p.,0.0,n.p.,0.0
Non-melanoma skin cancer (rare types),2007,Persons,Australia,658.0,3.2,2.9,3.8,134.0,0.6,0.0
Non-melanoma skin cancer (rare types),2008,Male,New South Wales,166.0,4.8,5.0,6.7,28.0,0.8,3476199.0
Non-melanoma skin cancer (rare types),2008,Male,Victoria,40.0,1.5,1.6,2.1,6.0,0.2,789696.0
Non-melanoma skin cancer (rare types),2008,Male,Queensland,119.0,5.6,6.1,8.1,25.0,1.2,116223.0
Non-melanoma skin cancer (rare types),2008,Male,Western Australia,52.0,4.7,5.5,7.2,5.0,0.5,808184.0
Non-melanoma skin cancer (rare types),2008,Male,South Australia,11.0,1.4,1.3,1.7,4.0,n.p.,3525583.0
Non-melanoma skin cancer (rare types),2008,Male,Tasmania,7.0,2.8,2.7,3.9,2.0,n.p.,106303.0
Non-melanoma skin cancer (rare types),2008,Male,Australian Capital Territory,4.0,n.p.,n.p.,n.p.,2.0,n.p.,1597880.0
Non-melanoma skin cancer (rare types),2008,Male,Northern Territory,1.0,n.p.,n.p.,n.p.,0.0,n.p.,7001782.0
Non-melanoma skin cancer (rare types),2008,Male,Australia,402.0,3.8,4.0,5.3,75.0,0.7,222526.0
Non-melanoma skin cancer (rare types),2008,Female,New South Wales,127.0,3.6,2.8,3.9,24.0,0.7,2633317.0
Non-melanoma skin cancer (rare types),2008,Female,Victoria,30.0,1.1,0.9,1.2,6.0,0.2,1113633.0
Non-melanoma skin cancer (rare types),2008,Female,Queensland,38.0,1.8,1.6,2.2,11.0,0.5,174242.0
Non-melanoma skin cancer (rare types),2008,Female,Western Australia,29.0,2.7,2.4,3.1,3.0,n.p.,1095295.0
Non-melanoma skin cancer (rare types),2008,Female,South Australia,6.0,0.7,0.4,0.6,4.0,n.p.,2679968.0
Non-melanoma skin cancer (rare types),2008,Female,Tasmania,8.0,3.2,2.4,3.2,0.0,0.0,176859.0
Non-melanoma skin cancer (rare types),2008,Female,Australian Capital Territory,2.0,n.p.,n.p.,n.p.,0.0,n.p.,2208928.0
Non-melanoma skin cancer (rare types),2008,Female,Northern Territory,0.0,n.p.,n.p.,n.p.,0.0,0.0,5313285.0
Non-melanoma skin cancer (rare types),2008,Female,Australia,241.0,2.3,1.8,2.5,48.0,0.4,351101.0
Non-melanoma skin cancer (rare types),2008,Persons,New South Wales,293.0,4.2,3.7,5.0,52.0,0.7,0.0
Non-melanoma skin cancer (rare types),2008,Persons,Victoria,70.0,1.3,1.2,1.6,12.0,0.2,0.0
Non-melanoma skin cancer (rare types),2008,Persons,Queensland,157.0,3.7,3.7,4.9,36.0,0.9,0.0
Non-melanoma skin cancer (rare types),2008,Persons,Western Australia,81.0,3.7,3.8,5.0,8.0,0.4,0.0
Non-melanoma skin cancer (rare types),2008,Persons,South Australia,17.0,1.1,0.8,1.1,8.0,0.5,0.0
Non-melanoma skin cancer (rare types),2008,Persons,Tasmania,15.0,3.0,2.4,3.3,2.0,n.p.,0.0
Non-melanoma skin cancer (rare types),2008,Persons,Australian Capital Territory,6.0,1.7,2.1,2.8,2.0,n.p.,0.0
Non-melanoma skin cancer (rare types),2008,Persons,Northern Territory,1.0,n.p.,n.p.,n.p.,0.0,n.p.,0.0
Non-melanoma skin cancer (rare types),2008,Persons,Australia,643.0,3.0,2.8,3.7,123.0,0.6,0.0
Non-melanoma skin cancer (rare types),2009,Male,New South Wales,190.0,5.4,5.5,7.3,35.0,1.0,3526643.0
Non-melanoma skin cancer (rare types),2009,Male,Victoria,47.0,1.8,1.8,2.3,9.0,0.3,800926.0
Non-melanoma skin cancer (rare types),2009,Male,Queensland,135.0,6.2,7.0,9.4,24.0,1.1,119297.0
Non-melanoma skin cancer (rare types),2009,Male,Western Australia,46.0,4.1,4.6,6.0,6.0,0.5,817652.0
Non-melanoma skin cancer (rare types),2009,Male,South Australia,15.0,1.9,1.7,2.3,7.0,0.9,3574861.0
Non-melanoma skin cancer (rare types),2009,Male,Tasmania,9.0,3.6,3.2,4.3,3.0,n.p.,108486.0
Non-melanoma skin cancer (rare types),2009,Male,Australian Capital Territory,3.0,n.p.,n.p.,n.p.,2.0,n.p.,1618578.0
Non-melanoma skin cancer (rare types),2009,Male,Northern Territory,1.0,n.p.,n.p.,n.p.,0.0,n.p.,7101504.0
Non-melanoma skin cancer (rare types),2009,Male,Australia,446.0,4.1,4.3,5.7,84.0,0.8,227783.0
Non-melanoma skin cancer (rare types),2009,Female,New South Wales,111.0,3.1,2.4,3.2,22.0,0.6,2686022.0
Non-melanoma skin cancer (rare types),2009,Female,Victoria,32.0,1.2,0.9,1.3,14.0,0.5,1140480.0
Non-melanoma skin cancer (rare types),2009,Female,Queensland,55.0,2.5,2.2,3.0,5.0,0.2,177822.0
Non-melanoma skin cancer (rare types),2009,Female,Western Australia,31.0,2.8,2.5,3.3,5.0,0.5,1123267.0
Non-melanoma skin cancer (rare types),2009,Female,South Australia,10.0,1.2,0.8,1.1,5.0,0.6,2733227.0
Non-melanoma skin cancer (rare types),2009,Female,Tasmania,5.0,2.0,1.5,1.9,0.0,0.0,180037.0
Non-melanoma skin cancer (rare types),2009,Female,Australian Capital Territory,2.0,n.p.,n.p.,n.p.,1.0,n.p.,2263747.0
Non-melanoma skin cancer (rare types),2009,Female,Northern Territory,0.0,n.p.,n.p.,n.p.,0.0,0.0,5419249.0
Non-melanoma skin cancer (rare types),2009,Female,Australia,247.0,2.3,1.8,2.4,52.0,0.5,357859.0
Non-melanoma skin cancer (rare types),2009,Persons,New South Wales,301.0,4.3,3.8,5.0,57.0,0.8,0.0
Non-melanoma skin cancer (rare types),2009,Persons,Victoria,79.0,1.5,1.3,1.7,23.0,0.4,0.0
Non-melanoma skin cancer (rare types),2009,Persons,Queensland,190.0,4.4,4.4,5.8,29.0,0.7,0.0
Non-melanoma skin cancer (rare types),2009,Persons,Western Australia,77.0,3.4,3.5,4.6,11.0,0.5,0.0
Non-melanoma skin cancer (rare types),2009,Persons,South Australia,25.0,1.6,1.3,1.7,12.0,0.7,0.0
Non-melanoma skin cancer (rare types),2009,Persons,Tasmania,14.0,2.8,2.2,2.9,3.0,n.p.,0.0
Non-melanoma skin cancer (rare types),2009,Persons,Australian Capital Territory,5.0,1.6,1.9,2.6,2.0,n.p.,0.0
Non-melanoma skin cancer (rare types),2009,Persons,Northern Territory,1.0,n.p.,n.p.,n.p.,0.0,n.p.,0.0
Non-melanoma skin cancer (rare types),2009,Persons,Australia,693.0,3.2,2.9,3.9,136.0,0.6,0.0
Non-melanoma skin cancer (rare types),2010,Male,New South Wales,174.0,4.9,4.8,6.4,34.0,1.0,3565558.0
Non-melanoma skin cancer (rare types),2010,Male,Victoria,49.0,1.8,1.8,2.5,14.0,0.5,808037.0
Non-melanoma skin cancer (rare types),2010,Male,Queensland,118.0,5.4,5.7,7.7,25.0,1.1,120979.0
Non-melanoma skin cancer (rare types),2010,Male,Western Australia,51.0,4.4,5.2,6.9,9.0,0.8,824445.0
Non-melanoma skin cancer (rare types),2010,Male,South Australia,22.0,2.7,2.4,3.4,4.0,n.p.,3614333.0
Non-melanoma skin cancer (rare types),2010,Male,Tasmania,12.0,4.7,4.1,5.3,1.0,n.p.,109534.0
Non-melanoma skin cancer (rare types),2010,Male,Australian Capital Territory,4.0,n.p.,n.p.,n.p.,2.0,n.p.,1632482.0
Non-melanoma skin cancer (rare types),2010,Male,Northern Territory,1.0,n.p.,n.p.,n.p.,0.0,n.p.,7179891.0
Non-melanoma skin cancer (rare types),2010,Male,Australia,434.0,4.0,4.0,5.4,88.0,0.8,230460.0
Non-melanoma skin cancer (rare types),2010,Female,New South Wales,120.0,3.3,2.6,3.4,18.0,0.5,2720959.0
Non-melanoma skin cancer (rare types),2010,Female,Victoria,33.0,1.2,1.0,1.2,7.0,0.3,1167862.0
Non-melanoma skin cancer (rare types),2010,Female,Queensland,64.0,2.9,2.6,3.4,15.0,0.7,181314.0
Non-melanoma skin cancer (rare types),2010,Female,Western Australia,29.0,2.6,2.3,3.1,1.0,n.p.,1151201.0
Non-melanoma skin cancer (rare types),2010,Female,South Australia,7.0,0.9,0.6,0.8,2.0,n.p.,2774752.0
Non-melanoma skin cancer (rare types),2010,Female,Tasmania,10.0,3.9,2.9,3.8,2.0,n.p.,183519.0
Non-melanoma skin cancer (rare types),2010,Female,Australian Capital Territory,2.0,n.p.,n.p.,n.p.,1.0,n.p.,2319063.0
Non-melanoma skin cancer (rare types),2010,Female,Northern Territory,0.0,n.p.,n.p.,n.p.,0.0,n.p.,5495711.0
Non-melanoma skin cancer (rare types),2010,Female,Australia,265.0,2.4,1.9,2.5,48.0,0.4,364833.0
Non-melanoma skin cancer (rare types),2010,Persons,New South Wales,294.0,4.1,3.6,4.7,52.0,0.7,0.0
Non-melanoma skin cancer (rare types),2010,Persons,Victoria,82.0,1.5,1.3,1.8,21.0,0.4,0.0
Non-melanoma skin cancer (rare types),2010,Persons,Queensland,182.0,4.1,4.0,5.4,40.0,0.9,0.0
Non-melanoma skin cancer (rare types),2010,Persons,Western Australia,80.0,3.5,3.6,4.8,10.0,0.4,0.0
Non-melanoma skin cancer (rare types),2010,Persons,South Australia,29.0,1.8,1.4,1.9,6.0,0.4,0.0
Non-melanoma skin cancer (rare types),2010,Persons,Tasmania,22.0,4.3,3.6,4.6,3.0,n.p.,0.0
Non-melanoma skin cancer (rare types),2010,Persons,Australian Capital Territory,6.0,1.7,2.1,2.9,2.0,n.p.,0.0
Non-melanoma skin cancer (rare types),2010,Persons,Northern Territory,1.0,n.p.,n.p.,n.p.,0.0,n.p.,0.0
Non-melanoma skin cancer (rare types),2010,Persons,Australia,699.0,3.2,2.9,3.8,136.0,0.6,0.0
Non-melanoma skin cancer (rare types),2011,Male,New South Wales,188.0,5.2,5.0,6.8,37.0,1.0,3604198.0
Non-melanoma skin cancer (rare types),2011,Male,Victoria,38.0,1.4,1.4,1.9,16.0,0.6,815608.0
Non-melanoma skin cancer (rare types),2011,Male,Queensland,122.0,5.5,5.8,7.6,22.0,1.0,122136.0
Non-melanoma skin cancer (rare types),2011,Male,Western Australia,58.0,4.9,5.4,7.1,4.0,n.p.,831575.0
Non-melanoma skin cancer (rare types),2011,Male,South Australia,30.0,3.7,3.2,4.2,5.0,0.6,3654524.0
Non-melanoma skin cancer (rare types),2011,Male,Tasmania,10.0,3.9,3.5,4.5,3.0,n.p.,110816.0
Non-melanoma skin cancer (rare types),2011,Male,Australian Capital Territory,4.0,n.p.,n.p.,n.p.,1.0,n.p.,1647183.0
Non-melanoma skin cancer (rare types),2011,Male,Northern Territory,1.0,n.p.,n.p.,n.p.,0.0,n.p.,7258722.0
Non-melanoma skin cancer (rare types),2011,Male,Australia,452.0,4.1,4.1,5.5,89.0,0.8,232952.0
Non-melanoma skin cancer (rare types),2011,Female,New South Wales,106.0,2.9,2.3,3.0,22.0,0.6,2766513.0
Non-melanoma skin cancer (rare types),2011,Female,Victoria,23.0,0.8,0.6,0.8,14.0,0.5,1202068.0
Non-melanoma skin cancer (rare types),2011,Female,Queensland,60.0,2.7,2.3,3.1,12.0,0.5,184982.0
Non-melanoma skin cancer (rare types),2011,Female,Western Australia,39.0,3.3,3.2,4.3,2.0,n.p.,1183879.0
Non-melanoma skin cancer (rare types),2011,Female,South Australia,6.0,0.7,0.5,0.7,2.0,n.p.,2825305.0
Non-melanoma skin cancer (rare types),2011,Female,Tasmania,2.0,n.p.,n.p.,n.p.,0.0,0.0,187088.0
Non-melanoma skin cancer (rare types),2011,Female,Australian Capital Territory,2.0,n.p.,n.p.,n.p.,1.0,n.p.,2385947.0
Non-melanoma skin cancer (rare types),2011,Female,Northern Territory,0.0,n.p.,n.p.,n.p.,0.0,n.p.,5591818.0
Non-melanoma skin cancer (rare types),2011,Female,Australia,238.0,2.1,1.7,2.3,52.0,0.5,372070.0
Non-melanoma skin cancer (rare types),2011,Persons,New South Wales,294.0,4.1,3.4,4.6,59.0,0.8,0.0
Non-melanoma skin cancer (rare types),2011,Persons,Victoria,61.0,1.1,0.9,1.3,30.0,0.5,0.0
Non-melanoma skin cancer (rare types),2011,Persons,Queensland,182.0,4.1,3.9,5.2,34.0,0.8,0.0
Non-melanoma skin cancer (rare types),2011,Persons,Western Australia,97.0,4.1,4.2,5.6,6.0,0.3,0.0
Non-melanoma skin cancer (rare types),2011,Persons,South Australia,36.0,2.2,1.7,2.3,7.0,0.4,0.0
Non-melanoma skin cancer (rare types),2011,Persons,Tasmania,12.0,2.3,1.9,2.5,3.0,n.p.,0.0
Non-melanoma skin cancer (rare types),2011,Persons,Australian Capital Territory,6.0,1.6,1.9,2.6,2.0,n.p.,0.0
Non-melanoma skin cancer (rare types),2011,Persons,Northern Territory,2.0,n.p.,n.p.,n.p.,1.0,n.p.,0.0
Non-melanoma skin cancer (rare types),2011,Persons,Australia,690.0,3.1,2.8,3.7,141.0,0.6,0.0
Non-melanoma skin cancer (rare types),2012,Male,New South Wales,200.0,5.5,5.3,7.1,41.0,1.1,3650035.0
Non-melanoma skin cancer (rare types),2012,Male,Victoria,36.0,1.3,1.2,1.6,10.0,0.4,823688.0
Non-melanoma skin cancer (rare types),2012,Male,Queensland,131.0,5.7,6.0,8.2,26.0,1.1,125043.0
Non-melanoma skin cancer (rare types),2012,Male,Western Australia,71.0,5.8,6.5,8.7,19.0,1.6,839394.0
Non-melanoma skin cancer (rare types),2012,Male,South Australia,24.0,2.9,2.5,3.4,5.0,0.6,3703154.0
Non-melanoma skin cancer (rare types),2012,Male,Tasmania,11.0,4.3,3.5,4.5,1.0,n.p.,113685.0
Non-melanoma skin cancer (rare types),2012,Male,Australian Capital Territory,5.0,2.6,3.3,4.7,1.0,n.p.,1663082.0
Non-melanoma skin cancer (rare types),2012,Male,Northern Territory,1.0,n.p.,n.p.,n.p.,0.0,n.p.,7353189.0
Non-melanoma skin cancer (rare types),2012,Male,Australia,478.0,4.2,4.2,5.6,103.0,0.9,238728.0
Non-melanoma skin cancer (rare types),2012,Female,New South Wales,116.0,3.2,2.3,3.1,28.0,0.8,2825349.0
Non-melanoma skin cancer (rare types),2012,Female,Victoria,28.0,1.0,0.8,1.1,7.0,0.2,1239615.0
Non-melanoma skin cancer (rare types),2012,Female,Queensland,71.0,3.1,2.6,3.5,11.0,0.5,188673.0
Non-melanoma skin cancer (rare types),2012,Female,Western Australia,47.0,3.9,3.6,4.7,3.0,n.p.,1217874.0
Non-melanoma skin cancer (rare types),2012,Female,South Australia,13.0,1.6,0.9,1.2,1.0,n.p.,2884237.0
Non-melanoma skin cancer (rare types),2012,Female,Tasmania,8.0,3.1,2.0,2.8,1.0,n.p.,191139.0
Non-melanoma skin cancer (rare types),2012,Female,Australian Capital Territory,2.0,n.p.,n.p.,n.p.,1.0,n.p.,2457489.0
Non-melanoma skin cancer (rare types),2012,Female,Northern Territory,1.0,n.p.,n.p.,n.p.,0.0,n.p.,5709586.0
Non-melanoma skin cancer (rare types),2012,Female,Australia,286.0,2.5,2.0,2.6,51.0,0.4,379812.0
Non-melanoma skin cancer (rare types),2012,Persons,New South Wales,316.0,4.3,3.6,4.9,69.0,0.9,0.0
Non-melanoma skin cancer (rare types),2012,Persons,Victoria,64.0,1.1,1.0,1.3,17.0,0.3,0.0
Non-melanoma skin cancer (rare types),2012,Persons,Queensland,202.0,4.4,4.2,5.6,37.0,0.8,0.0
Non-melanoma skin cancer (rare types),2012,Persons,Western Australia,118.0,4.9,4.9,6.4,22.0,0.9,0.0
Non-melanoma skin cancer (rare types),2012,Persons,South Australia,37.0,2.2,1.6,2.2,6.0,0.4,0.0
Non-melanoma skin cancer (rare types),2012,Persons,Tasmania,19.0,3.7,2.8,3.7,2.0,n.p.,0.0
Non-melanoma skin cancer (rare types),2012,Persons,Australian Capital Territory,7.0,1.8,2.1,2.8,2.0,n.p.,0.0
Non-melanoma skin cancer (rare types),2012,Persons,Northern Territory,2.0,n.p.,n.p.,n.p.,1.0,n.p.,0.0
Non-melanoma skin cancer (rare types),2012,Persons,Australia,764.0,3.4,3.0,4.0,154.0,0.7,0.0
Non-melanoma skin cancer (rare types),2013,Male,New South Wales,240.0,6.5,6.1,8.1,44.0,1.2,3698220.0
Non-melanoma skin cancer (rare types),2013,Male,Victoria,57.0,2.0,1.9,2.6,19.0,0.7,830900.0
Non-melanoma skin cancer (rare types),2013,Male,Queensland,148.0,6.4,6.6,8.8,38.0,1.6,126921.0
Non-melanoma skin cancer (rare types),2013,Male,Western Australia,87.0,6.9,7.8,10.8,11.0,0.9,847152.0
Non-melanoma skin cancer (rare types),2013,Male,South Australia,23.0,2.8,2.3,3.1,6.0,0.7,3756718.0
Non-melanoma skin cancer (rare types),2013,Male,Tasmania,12.0,4.7,3.9,4.9,1.0,n.p.,115450.0
Non-melanoma skin cancer (rare types),2013,Male,Australian Capital Territory,5.0,2.7,3.5,4.9,1.0,n.p.,1678052.0
Non-melanoma skin cancer (rare types),2013,Male,Northern Territory,1.0,n.p.,n.p.,n.p.,1.0,n.p.,7454938.0
Non-melanoma skin cancer (rare types),2013,Male,Australia,575.0,5.0,4.9,6.5,121.0,1.1,242304.0
Non-melanoma skin cancer (rare types),2013,Female,New South Wales,116.0,3.1,2.4,3.1,25.0,0.7,2884387.0
Non-melanoma skin cancer (rare types),2013,Female,Victoria,29.0,1.0,0.7,1.0,6.0,0.2,1259941.0
Non-melanoma skin cancer (rare types),2013,Female,Queensland,72.0,3.1,2.7,3.6,20.0,0.9,191691.0
Non-melanoma skin cancer (rare types),2013,Female,Western Australia,44.0,3.6,3.2,4.3,10.0,0.8,1242247.0
Non-melanoma skin cancer (rare types),2013,Female,South Australia,9.0,1.1,0.8,0.9,3.0,n.p.,2948198.0
Non-melanoma skin cancer (rare types),2013,Female,Tasmania,5.0,1.9,1.4,1.8,3.0,n.p.,194627.0
Non-melanoma skin cancer (rare types),2013,Female,Australian Capital Territory,2.0,n.p.,n.p.,n.p.,1.0,n.p.,2502188.0
Non-melanoma skin cancer (rare types),2013,Female,Northern Territory,0.0,n.p.,n.p.,n.p.,0.0,n.p.,5832585.0
Non-melanoma skin cancer (rare types),2013,Female,Australia,275.0,2.4,1.9,2.5,69.0,0.6,386318.0
Non-melanoma skin cancer (rare types),2013,Persons,New South Wales,356.0,4.8,4.0,5.3,69.0,0.9,0.0
Non-melanoma skin cancer (rare types),2013,Persons,Victoria,86.0,1.5,1.3,1.7,25.0,0.4,0.0
Non-melanoma skin cancer (rare types),2013,Persons,Queensland,220.0,4.7,4.5,5.9,58.0,1.2,0.0
Non-melanoma skin cancer (rare types),2013,Persons,Western Australia,131.0,5.3,5.2,7.1,21.0,0.8,0.0
Non-melanoma skin cancer (rare types),2013,Persons,South Australia,32.0,1.9,1.5,1.9,9.0,0.5,0.0
Non-melanoma skin cancer (rare types),2013,Persons,Tasmania,17.0,3.3,2.5,3.2,4.0,n.p.,0.0
Non-melanoma skin cancer (rare types),2013,Persons,Australian Capital Territory,7.0,1.8,2.0,2.7,2.0,n.p.,0.0
Non-melanoma skin cancer (rare types),2013,Persons,Northern Territory,2.0,n.p.,n.p.,n.p.,1.0,n.p.,0.0
Non-melanoma skin cancer (rare types),2013,Persons,Australia,850.0,3.7,3.2,4.3,190.0,0.8,0.0
Non-melanoma skin cancer (rare types),2014,Male,New South Wales,224.0,6.0,5.5,7.4,42.0,1.1,3750061.0
Non-melanoma skin cancer (rare types),2014,Male,Victoria,83.0,2.8,2.7,3.6,22.0,0.8,838094.0
Non-melanoma skin cancer (rare types),2014,Male,Queensland,131.0,5.6,5.6,7.5,40.0,1.7,127079.0
Non-melanoma skin cancer (rare types),2014,Male,Western Australia,77.0,6.1,6.5,8.5,14.0,1.1,855013.0
Non-melanoma skin cancer (rare types),2014,Male,South Australia,27.0,3.2,2.7,3.6,7.0,0.8,3812110.0
Non-melanoma skin cancer (rare types),2014,Male,Tasmania,11.0,4.3,3.9,5.0,2.0,n.p.,116165.0
Non-melanoma skin cancer (rare types),2014,Male,Australian Capital Territory,5.0,2.9,3.5,4.8,1.0,n.p.,1693107.0
Non-melanoma skin cancer (rare types),2014,Male,Northern Territory,2.0,n.p.,n.p.,n.p.,1.0,n.p.,7562171.0
Non-melanoma skin cancer (rare types),2014,Male,Australia,561.0,4.8,4.6,6.1,129.0,1.1,243201.0
Non-melanoma skin cancer (rare types),2014,Female,New South Wales,118.0,3.1,2.3,3.1,26.0,0.7,2945763.0
Non-melanoma skin cancer (rare types),2014,Female,Victoria,38.0,1.3,0.9,1.3,5.0,0.2,1271552.0
Non-melanoma skin cancer (rare types),2014,Female,Queensland,74.0,3.1,2.7,3.6,13.0,0.5,194291.0
Non-melanoma skin cancer (rare types),2014,Female,Western Australia,43.0,3.4,3.1,3.9,6.0,0.5,1257067.0
Non-melanoma skin cancer (rare types),2014,Female,South Australia,16.0,1.9,1.3,1.7,1.0,n.p.,3011749.0
Non-melanoma skin cancer (rare types),2014,Female,Tasmania,5.0,1.9,1.4,1.7,1.0,n.p.,197690.0
Non-melanoma skin cancer (rare types),2014,Female,Australian Capital Territory,1.0,n.p.,n.p.,n.p.,1.0,n.p.,2528619.0
Non-melanoma skin cancer (rare types),2014,Female,Northern Territory,0.0,n.p.,n.p.,n.p.,0.0,n.p.,5957512.0
Non-melanoma skin cancer (rare types),2014,Female,Australia,295.0,2.5,2.0,2.6,53.0,0.4,391981.0
Non-melanoma skin cancer (rare types),2014,Persons,New South Wales,342.0,4.6,3.8,5.0,68.0,0.9,0.0
Non-melanoma skin cancer (rare types),2014,Persons,Victoria,121.0,2.1,1.7,2.3,27.0,0.5,0.0
Non-melanoma skin cancer (rare types),2014,Persons,Queensland,205.0,4.3,4.0,5.3,53.0,1.1,0.0
Non-melanoma skin cancer (rare types),2014,Persons,Western Australia,120.0,4.8,4.7,6.1,20.0,0.8,0.0
Non-melanoma skin cancer (rare types),2014,Persons,South Australia,43.0,2.5,1.9,2.5,8.0,0.5,0.0
Non-melanoma skin cancer (rare types),2014,Persons,Tasmania,16.0,3.1,2.5,3.1,3.0,n.p.,0.0
Non-melanoma skin cancer (rare types),2014,Persons,Australian Capital Territory,7.0,1.8,1.9,2.6,2.0,n.p.,0.0
Non-melanoma skin cancer (rare types),2014,Persons,Northern Territory,2.0,n.p.,n.p.,n.p.,1.0,n.p.,0.0
Non-melanoma skin cancer (rare types),2014,Persons,Australia,856.0,3.6,3.2,4.2,182.0,0.8,0.0
Non-melanoma skin cancer (rare types),2015,Male,New South Wales,251.0,6.6,6.0,8.2,38.0,1.0,3803289.0
Non-melanoma skin cancer (rare types),2015,Male,Victoria,79.0,2.7,2.5,3.3,26.0,0.9,843702.0
Non-melanoma skin cancer (rare types),2015,Male,Queensland,138.0,5.8,5.7,7.5,25.0,1.1,127914.0
Non-melanoma skin cancer (rare types),2015,Male,Western Australia,81.0,6.3,6.9,9.2,10.0,0.8,862235.0
Non-melanoma skin cancer (rare types),2015,Male,South Australia,30.0,3.6,3.0,3.9,6.0,0.7,3868112.0
Non-melanoma skin cancer (rare types),2015,Male,Tasmania,10.0,3.9,3.1,4.3,3.0,n.p.,117123.0
Non-melanoma skin cancer (rare types),2015,Male,Australian Capital Territory,5.0,2.8,3.4,4.6,1.0,n.p.,1705937.0
Non-melanoma skin cancer (rare types),2015,Male,Northern Territory,2.0,n.p.,n.p.,n.p.,1.0,n.p.,7671401.0
Non-melanoma skin cancer (rare types),2015,Male,Australia,598.0,5.1,4.8,6.4,109.0,0.9,244692.0
Non-melanoma skin cancer (rare types),2015,Female,New South Wales,136.0,3.5,2.6,3.5,22.0,0.6,3011376.0
Non-melanoma skin cancer (rare types),2015,Female,Victoria,39.0,1.3,1.0,1.3,14.0,0.5,1278792.0
Non-melanoma skin cancer (rare types),2015,Female,Queensland,82.0,3.4,2.8,3.8,6.0,0.2,197696.0
Non-melanoma skin cancer (rare types),2015,Female,Western Australia,44.0,3.5,2.9,4.0,6.0,0.5,1268953.0
Non-melanoma skin cancer (rare types),2015,Female,South Australia,15.0,1.7,0.9,1.3,2.0,n.p.,3081673.0
Non-melanoma skin cancer (rare types),2015,Female,Tasmania,14.0,5.4,3.7,4.8,1.0,n.p.,201178.0
Non-melanoma skin cancer (rare types),2015,Female,Australian Capital Territory,1.0,n.p.,n.p.,n.p.,0.0,n.p.,2547745.0
Non-melanoma skin cancer (rare types),2015,Female,Northern Territory,0.0,n.p.,n.p.,n.p.,0.0,n.p.,6093049.0
Non-melanoma skin cancer (rare types),2015,Female,Australia,332.0,2.8,2.1,2.8,52.0,0.4,398874.0
Non-melanoma skin cancer (rare types),2015,Persons,New South Wales,387.0,5.1,4.1,5.6,60.0,0.8,0.0
Non-melanoma skin cancer (rare types),2015,Persons,Victoria,118.0,2.0,1.6,2.2,40.0,0.7,0.0
Non-melanoma skin cancer (rare types),2015,Persons,Queensland,220.0,4.6,4.2,5.5,31.0,0.6,0.0
Non-melanoma skin cancer (rare types),2015,Persons,Western Australia,125.0,4.9,4.8,6.4,16.0,0.6,0.0
Non-melanoma skin cancer (rare types),2015,Persons,South Australia,45.0,2.6,1.9,2.5,8.0,0.5,0.0
Non-melanoma skin cancer (rare types),2015,Persons,Tasmania,24.0,4.7,3.4,4.5,4.0,n.p.,0.0
Non-melanoma skin cancer (rare types),2015,Persons,Australian Capital Territory,7.0,1.7,1.9,2.5,1.0,n.p.,0.0
Non-melanoma skin cancer (rare types),2015,Persons,Northern Territory,2.0,n.p.,n.p.,n.p.,1.0,n.p.,0.0
Non-melanoma skin cancer (rare types),2015,Persons,Australia,930.0,3.9,3.3,4.5,161.0,0.7,0.0
Non-melanoma skin cancer (rare types),2016,Male,New South Wales,260.0,6.8,6.0,8.3,42.0,1.1,3865361.0
Non-melanoma skin cancer (rare types),2016,Male,Victoria,92.0,3.0,2.8,3.8,15.0,0.5,849914.0
Non-melanoma skin cancer (rare types),2016,Male,Queensland,157.0,6.5,6.2,8.4,28.0,1.2,128021.0
Non-melanoma skin cancer (rare types),2016,Male,Western Australia,71.0,5.5,5.8,7.8,13.0,1.0,869666.0
Non-melanoma skin cancer (rare types),2016,Male,South Australia,38.0,4.5,3.4,4.8,8.0,0.9,3930264.0
Non-melanoma skin cancer (rare types),2016,Male,Tasmania,11.0,4.3,3.4,4.5,0.0,0.0,118539.0
Non-melanoma skin cancer (rare types),2016,Male,Australian Capital Territory,6.0,2.9,3.4,4.4,1.0,n.p.,1719580.0
Non-melanoma skin cancer (rare types),2016,Male,Northern Territory,2.0,n.p.,n.p.,n.p.,0.0,n.p.,7795625.0
Non-melanoma skin cancer (rare types),2016,Male,Australia,638.0,5.3,4.9,6.7,107.0,0.9,246443.0
Non-melanoma skin cancer (rare types),2016,Female,New South Wales,144.0,3.7,2.7,3.6,22.0,0.6,3082379.0
Non-melanoma skin cancer (rare types),2016,Female,Victoria,49.0,1.6,1.2,1.6,15.0,0.5,1288303.0
Non-melanoma skin cancer (rare types),2016,Female,Queensland,76.0,3.1,2.6,3.4,15.0,0.6,202502.0
Non-melanoma skin cancer (rare types),2016,Female,Western Australia,55.0,4.3,3.7,4.9,6.0,0.5,1281303.0
Non-melanoma skin cancer (rare types),2016,Female,South Australia,13.0,1.5,1.0,1.2,2.0,n.p.,3153402.0
Non-melanoma skin cancer (rare types),2016,Female,Tasmania,3.0,n.p.,n.p.,n.p.,1.0,n.p.,206376.0
Non-melanoma skin cancer (rare types),2016,Female,Australian Capital Territory,2.0,n.p.,n.p.,n.p.,1.0,n.p.,2569606.0
Non-melanoma skin cancer (rare types),2016,Female,Northern Territory,0.0,n.p.,n.p.,n.p.,0.0,n.p.,6235781.0
Non-melanoma skin cancer (rare types),2016,Female,Australia,344.0,2.8,2.2,2.9,62.0,0.5,408878.0
Non-melanoma skin cancer (rare types),2016,Persons,New South Wales,404.0,5.2,4.2,5.7,64.0,0.8,0.0
Non-melanoma skin cancer (rare types),2016,Persons,Victoria,141.0,2.3,1.9,2.5,30.0,0.5,0.0
Non-melanoma skin cancer (rare types),2016,Persons,Queensland,233.0,4.8,4.3,5.7,43.0,0.9,0.0
Non-melanoma skin cancer (rare types),2016,Persons,Western Australia,126.0,4.9,4.6,6.2,19.0,0.7,0.0
Non-melanoma skin cancer (rare types),2016,Persons,South Australia,51.0,3.0,2.0,2.8,10.0,0.6,0.0
Non-melanoma skin cancer (rare types),2016,Persons,Tasmania,14.0,2.7,2.0,2.6,1.0,n.p.,0.0
Non-melanoma skin cancer (rare types),2016,Persons,Australian Capital Territory,7.0,1.8,2.0,2.6,2.0,n.p.,0.0
Non-melanoma skin cancer (rare types),2016,Persons,Northern Territory,3.0,n.p.,n.p.,n.p.,1.0,n.p.,0.0
Non-melanoma skin cancer (rare types),2016,Persons,Australia,982.0,4.1,3.4,4.6,169.0,0.7,0.0
Non-melanoma skin cancer (rare types),2017,Male,New South Wales,300.0,7.7,6.7,9.2,46.0,1.2,3921301.0
Non-melanoma skin cancer (rare types),2017,Male,Victoria,151.0,4.8,4.5,6.1,19.0,0.6,857807.0
Non-melanoma skin cancer (rare types),2017,Male,Queensland,171.0,7.0,6.5,8.7,26.0,1.1,128104.0
Non-melanoma skin cancer (rare types),2017,Male,Western Australia,73.0,5.6,5.7,7.8,6.0,0.5,877847.0
Non-melanoma skin cancer (rare types),2017,Male,South Australia,29.0,3.4,2.6,3.5,7.0,0.8,3979645.0
Non-melanoma skin cancer (rare types),2017,Male,Tasmania,12.0,4.6,3.6,4.5,3.0,n.p.,119647.0
Non-melanoma skin cancer (rare types),2017,Male,Australian Capital Territory,6.0,2.8,3.2,4.3,1.0,n.p.,1735654.0
Non-melanoma skin cancer (rare types),2017,Male,Northern Territory,3.0,n.p.,n.p.,n.p.,0.0,n.p.,7900946.0
Non-melanoma skin cancer (rare types),2017,Male,Australia,744.0,6.1,5.5,7.5,109.0,0.9,247514.0
Non-melanoma skin cancer (rare types),2017,Female,New South Wales,133.0,3.4,2.4,3.3,27.0,0.7,3144429.0
Non-melanoma skin cancer (rare types),2017,Female,Victoria,76.0,2.4,1.8,2.4,11.0,0.3,1302076.0
Non-melanoma skin cancer (rare types),2017,Female,Queensland,98.0,3.9,3.2,4.3,18.0,0.7,207866.0
Non-melanoma skin cancer (rare types),2017,Female,Western Australia,49.0,3.8,3.1,4.1,5.0,0.4,1297852.0
Non-melanoma skin cancer (rare types),2017,Female,South Australia,20.0,2.3,1.4,2.0,5.0,0.6,3213781.0
Non-melanoma skin cancer (rare types),2017,Female,Tasmania,9.0,3.4,2.6,3.0,1.0,n.p.,212360.0
Non-melanoma skin cancer (rare types),2017,Female,Australian Capital Territory,1.0,n.p.,n.p.,n.p.,1.0,n.p.,2599928.0
Non-melanoma skin cancer (rare types),2017,Female,Northern Territory,0.0,n.p.,n.p.,n.p.,0.0,n.p.,6358210.0
Non-melanoma skin cancer (rare types),2017,Female,Australia,387.0,3.1,2.4,3.2,68.0,0.5,420226.0
Non-melanoma skin cancer (rare types),2017,Persons,New South Wales,433.0,5.5,4.4,5.9,73.0,0.9,0.0
Non-melanoma skin cancer (rare types),2017,Persons,Victoria,227.0,3.6,3.0,4.1,30.0,0.5,0.0
Non-melanoma skin cancer (rare types),2017,Persons,Queensland,269.0,5.5,4.7,6.3,44.0,0.9,0.0
Non-melanoma skin cancer (rare types),2017,Persons,Western Australia,122.0,4.7,4.3,5.8,11.0,0.4,0.0
Non-melanoma skin cancer (rare types),2017,Persons,South Australia,49.0,2.8,2.0,2.7,12.0,0.7,0.0
Non-melanoma skin cancer (rare types),2017,Persons,Tasmania,21.0,4.0,3.1,3.8,4.0,n.p.,0.0
Non-melanoma skin cancer (rare types),2017,Persons,Australian Capital Territory,7.0,1.8,1.9,2.5,2.0,n.p.,0.0
Non-melanoma skin cancer (rare types),2017,Persons,Northern Territory,3.0,n.p.,n.p.,n.p.,1.0,n.p.,0.0
Non-melanoma skin cancer (rare types),2017,Persons,Australia,1131.0,4.6,3.8,5.1,177.0,0.7,0.0
Non-melanoma skin cancer (rare types),2018,Male,New South Wales,272.0,6.9,6.0,8.2,43.0,1.1,3976266.0
Non-melanoma skin cancer (rare types),2018,Male,Victoria,95.0,3.0,2.7,3.7,25.0,0.8,867603.0
Non-melanoma skin cancer (rare types),2018,Male,Queensland,148.0,6.0,5.6,7.4,24.0,1.0,127221.0
Non-melanoma skin cancer (rare types),2018,Male,Western Australia,63.0,4.8,4.8,6.6,10.0,0.8,888112.0
Non-melanoma skin cancer (rare types),2018,Male,South Australia,31.0,3.6,2.8,3.7,5.0,0.6,4027298.0
Non-melanoma skin cancer (rare types),2018,Male,Tasmania,17.0,6.4,5.0,6.8,2.0,n.p.,119997.0
Non-melanoma skin cancer (rare types),2018,Male,Australian Capital Territory,5.0,2.4,2.6,3.5,1.0,n.p.,1755715.0
Non-melanoma skin cancer (rare types),2018,Male,Northern Territory,3.0,n.p.,n.p.,n.p.,0.0,n.p.,8003564.0
Non-melanoma skin cancer (rare types),2018,Male,Australia,630.0,5.1,4.6,6.2,112.0,0.9,247095.0
Non-melanoma skin cancer (rare types),2018,Female,New South Wales,175.0,4.4,3.1,4.2,22.0,0.5,3207192.0
Non-melanoma skin cancer (rare types),2018,Female,Victoria,50.0,1.5,1.1,1.5,15.0,0.5,1319834.0
Non-melanoma skin cancer (rare types),2018,Female,Queensland,74.0,2.9,2.3,3.1,13.0,0.5,212822.0
Non-melanoma skin cancer (rare types),2018,Female,Western Australia,40.0,3.1,2.7,3.4,4.0,n.p.,1316570.0
Non-melanoma skin cancer (rare types),2018,Female,South Australia,16.0,1.8,1.2,1.6,5.0,0.6,3272503.0
Non-melanoma skin cancer (rare types),2018,Female,Tasmania,7.0,2.6,1.5,2.1,1.0,n.p.,217936.0
Non-melanoma skin cancer (rare types),2018,Female,Australian Capital Territory,2.0,n.p.,n.p.,n.p.,0.0,n.p.,2636404.0
Non-melanoma skin cancer (rare types),2018,Female,Northern Territory,1.0,n.p.,n.p.,n.p.,0.0,n.p.,6479695.0
Non-melanoma skin cancer (rare types),2018,Female,Australia,367.0,2.9,2.2,2.9,60.0,0.5,430758.0
Non-melanoma skin cancer (rare types),2018,Persons,New South Wales,447.0,5.6,4.4,5.9,65.0,0.8,0.0
Non-melanoma skin cancer (rare types),2018,Persons,Victoria,145.0,2.3,1.8,2.5,40.0,0.6,0.0
Non-melanoma skin cancer (rare types),2018,Persons,Queensland,222.0,4.4,3.8,5.1,37.0,0.7,0.0
Non-melanoma skin cancer (rare types),2018,Persons,Western Australia,103.0,3.9,3.6,4.7,14.0,0.5,0.0
Non-melanoma skin cancer (rare types),2018,Persons,South Australia,47.0,2.7,1.9,2.6,10.0,0.6,0.0
Non-melanoma skin cancer (rare types),2018,Persons,Tasmania,24.0,4.5,3.0,4.1,3.0,n.p.,0.0
Non-melanoma skin cancer (rare types),2018,Persons,Australian Capital Territory,7.0,1.7,1.7,2.3,2.0,n.p.,0.0
Non-melanoma skin cancer (rare types),2018,Persons,Northern Territory,3.0,n.p.,n.p.,n.p.,1.0,n.p.,0.0
Non-melanoma skin cancer (rare types),2018,Persons,Australia,997.0,4.0,3.3,4.4,172.0,0.7,0.0
Non-melanoma skin cancer (rare types),2019,Male,New South Wales,336.0,8.4,7.2,9.7,54.0,1.4,4019498.0
Non-melanoma skin cancer (rare types),2019,Male,Victoria,157.0,4.9,4.3,6.0,20.0,0.6,878768.0
Non-melanoma skin cancer (rare types),2019,Male,Queensland,210.0,8.3,7.6,10.3,38.0,1.5,126289.0
Non-melanoma skin cancer (rare types),2019,Male,Western Australia,86.0,6.5,6.2,8.4,6.0,0.5,900160.0
Non-melanoma skin cancer (rare types),2019,Male,South Australia,32.0,3.7,2.7,3.7,3.0,n.p.,4068863.0
Non-melanoma skin cancer (rare types),2019,Male,Tasmania,16.0,5.9,4.1,5.9,3.0,n.p.,120727.0
Non-melanoma skin cancer (rare types),2019,Male,Australian Capital Territory,5.0,2.6,2.9,3.9,2.0,n.p.,1778928.0
Non-melanoma skin cancer (rare types),2019,Male,Northern Territory,2.0,n.p.,n.p.,n.p.,0.0,n.p.,8088361.0
Non-melanoma skin cancer (rare types),2019,Male,Australia,845.0,6.7,6.0,8.1,127.0,1.0,246677.0
Non-melanoma skin cancer (rare types),2019,Female,New South Wales,147.0,3.6,2.6,3.5,23.0,0.6,3262240.0
Non-melanoma skin cancer (rare types),2019,Female,Victoria,87.0,2.6,2.0,2.6,12.0,0.4,1345064.0
Non-melanoma skin cancer (rare types),2019,Female,Queensland,109.0,4.2,3.3,4.4,10.0,0.4,217500.0
Non-melanoma skin cancer (rare types),2019,Female,Western Australia,40.0,3.0,2.3,3.1,7.0,0.5,1343735.0
Non-melanoma skin cancer (rare types),2019,Female,South Australia,13.0,1.5,0.9,1.2,3.0,n.p.,3327810.0
Non-melanoma skin cancer (rare types),2019,Female,Tasmania,7.0,2.5,1.7,2.3,0.0,0.0,222767.0
Non-melanoma skin cancer (rare types),2019,Female,Australian Capital Territory,2.0,n.p.,n.p.,n.p.,0.0,n.p.,2688799.0
Non-melanoma skin cancer (rare types),2019,Female,Northern Territory,1.0,n.p.,n.p.,n.p.,0.0,n.p.,6590050.0
Non-melanoma skin cancer (rare types),2019,Female,Australia,406.0,3.2,2.3,3.2,56.0,0.4,440267.0
Non-melanoma skin cancer (rare types),2019,Persons,New South Wales,483.0,6.0,4.7,6.4,77.0,1.0,0.0
Non-melanoma skin cancer (rare types),2019,Persons,Victoria,244.0,3.7,3.0,4.1,32.0,0.5,0.0
Non-melanoma skin cancer (rare types),2019,Persons,Queensland,319.0,6.3,5.3,7.1,48.0,0.9,0.0
Non-melanoma skin cancer (rare types),2019,Persons,Western Australia,126.0,4.7,4.1,5.5,13.0,0.5,0.0
Non-melanoma skin cancer (rare types),2019,Persons,South Australia,45.0,2.5,1.7,2.3,6.0,0.3,0.0
Non-melanoma skin cancer (rare types),2019,Persons,Tasmania,23.0,4.2,2.7,3.9,3.0,n.p.,0.0
Non-melanoma skin cancer (rare types),2019,Persons,Australian Capital Territory,8.0,1.9,1.9,2.5,2.0,n.p.,0.0
Non-melanoma skin cancer (rare types),2019,Persons,Northern Territory,3.0,n.p.,n.p.,n.p.,1.0,n.p.,0.0
Non-melanoma skin cancer (rare types),2019,Persons,Australia,1251.0,4.9,4.0,5.4,183.0,0.7,0.0
Non-melanoma skin cancer (rare types),2020,Male,New South Wales,397.0,9.8,8.2,11.2,41.0,1.0,4031001.0
Non-melanoma skin cancer (rare types),2020,Male,Victoria,167.0,5.1,4.4,6.2,30.0,0.9,886475.0
Non-melanoma skin cancer (rare types),2020,Male,Queensland,214.0,8.4,7.3,9.9,28.0,1.1,126133.0
Non-melanoma skin cancer (rare types),2020,Male,Western Australia,86.0,6.3,5.9,8.1,11.0,0.8,908039.0
Non-melanoma skin cancer (rare types),2020,Male,South Australia,50.0,5.7,4.1,5.7,11.0,1.2,4081000.0
Non-melanoma skin cancer (rare types),2020,Male,Tasmania,9.0,3.3,2.3,3.4,6.0,2.2,121772.0
Non-melanoma skin cancer (rare types),2020,Male,Australian Capital Territory,5.0,2.4,2.6,3.3,2.0,n.p.,1794514.0
Non-melanoma skin cancer (rare types),2020,Male,Northern Territory,2.0,n.p.,n.p.,n.p.,0.0,n.p.,8112001.0
Non-melanoma skin cancer (rare types),2020,Male,Australia,929.0,7.3,6.3,8.6,128.0,1.0,247819.0
Non-melanoma skin cancer (rare types),2020,Female,New South Wales,178.0,4.4,3.1,4.2,34.0,0.8,3274653.0
Non-melanoma skin cancer (rare types),2020,Female,Victoria,69.0,2.1,1.5,2.1,23.0,0.7,1364994.0
Non-melanoma skin cancer (rare types),2020,Female,Queensland,104.0,4.0,3.0,4.1,20.0,0.8,220886.0
Non-melanoma skin cancer (rare types),2020,Female,Western Australia,30.0,2.2,1.8,2.3,4.0,n.p.,1363193.0
Non-melanoma skin cancer (rare types),2020,Female,South Australia,18.0,2.0,1.0,1.5,2.0,n.p.,3341983.0
Non-melanoma skin cancer (rare types),2020,Female,Tasmania,11.0,3.9,2.4,3.4,5.0,1.8,226764.0
Non-melanoma skin cancer (rare types),2020,Female,Australian Capital Territory,2.0,n.p.,n.p.,n.p.,1.0,n.p.,2728187.0
Non-melanoma skin cancer (rare types),2020,Female,Northern Territory,1.0,n.p.,n.p.,n.p.,0.0,n.p.,6616636.0
Non-melanoma skin cancer (rare types),2020,Female,Australia,410.0,3.2,2.3,3.1,89.0,0.7,447650.0
Non-melanoma skin cancer (rare types),2020,Persons,New South Wales,575.0,7.1,5.4,7.3,75.0,0.9,0.0
Non-melanoma skin cancer (rare types),2020,Persons,Victoria,236.0,3.6,2.8,3.8,53.0,0.8,0.0
Non-melanoma skin cancer (rare types),2020,Persons,Queensland,318.0,6.2,5.0,6.8,48.0,0.9,0.0
Non-melanoma skin cancer (rare types),2020,Persons,Western Australia,116.0,4.3,3.6,4.9,15.0,0.6,0.0
Non-melanoma skin cancer (rare types),2020,Persons,South Australia,68.0,3.8,2.4,3.4,13.0,0.7,0.0
Non-melanoma skin cancer (rare types),2020,Persons,Tasmania,20.0,3.6,2.3,3.2,11.0,2.0,0.0
Non-melanoma skin cancer (rare types),2020,Persons,Australian Capital Territory,7.0,1.7,1.7,2.2,2.0,n.p.,0.0
Non-melanoma skin cancer (rare types),2020,Persons,Northern Territory,2.0,n.p.,n.p.,n.p.,1.0,n.p.,0.0
Non-melanoma skin cancer (rare types),2020,Persons,Australia,1339.0,5.2,4.1,5.6,217.0,0.8,0.0
